CLID;Date;Vol;LEN;Xlookup Region ID;Index Match Region ID;Region Name;Quarter;Quarter by Vlookup;;;;;;;Date Start;Date End;Name
CL11420;31/03/2020; 884 ;7;GEO1004;GEO1004;LATAM;Q1 2020;Q1 2020;;;;;;;01/01/2020;31/03/2020;Q1 2020
CL11420;30/04/2020; 886 ;7;GEO1004;GEO1004;LATAM;Q2 2020;Q2 2020;;;;;;;01/04/2020;6/31/2020;Q2 2020
CL11420;31/05/2020; 968 ;7;GEO1004;GEO1004;LATAM;Q2 2020;Q2 2020;;;;;;;01/07/2020;30/09/2020;Q3 2020
CL11420;30/06/2020; 564 ;7;GEO1004;GEO1004;LATAM;Q2 2020;Q2 2020;;;;;;;01/10/2020;31/12/2020;Q4 2020
CL11420;31/07/2020; 648 ;7;GEO1004;GEO1004;LATAM;Q3 2020;Q3 2020;;;;;;;01/01/2021;31/03/2021;Q1 2021
CL11420;31/08/2020; 406 ;7;GEO1004;GEO1004;LATAM;Q3 2020;Q3 2020;;;;;;;01/04/2021;6/31/2021;Q2 2021
CL11420;30/09/2020; 569 ;7;GEO1004;GEO1004;LATAM;Q3 2020;Q3 2020;;;;;;;;;
CL11420;31/10/2020; 487 ;7;GEO1004;GEO1004;LATAM;Q4 2020;Q4 2020;;;;;;;;;
CL11420;30/11/2020; 729 ;7;GEO1004;GEO1004;LATAM;Q4 2020;Q4 2020;;;;;;;;;
CL11420;31/12/2020; 565 ;7;GEO1004;GEO1004;LATAM;Q4 2020;Q4 2020;;;;;;;;;
CL11420;30/06/2021; 561 ;7;GEO1004;GEO1004;LATAM;Q2 2021;Q2 2021;;;;;;;;;
CL11420;31/05/2021; 1 014 ;7;GEO1004;GEO1004;LATAM;Q2 2021;Q2 2021;;;;;;;;;
CL11420;30/04/2021; 878 ;7;GEO1004;GEO1004;LATAM;Q2 2021;Q2 2021;;;;;;;;;
CL11420;31/03/2021; 922 ;7;GEO1004;GEO1004;LATAM;Q1 2021;Q1 2021;;;;;;;;;
CL11420;28/02/2021; 668 ;7;GEO1004;GEO1004;LATAM;Q1 2021;Q1 2021;;;;;;;;;
CL11420;31/01/2021; 725 ;7;GEO1004;GEO1004;LATAM;Q1 2021;Q1 2021;;;;;;;;;
CL13213;31/01/2020; 1 194 ;7;GEO1001;GEO1001;NAM;Q1 2020;Q1 2020;;;;;;;;;
CL13213;29/02/2020; 942 ;7;GEO1001;GEO1001;NAM;Q1 2020;Q1 2020;;;;;;;;;
CL13213;31/03/2020; 1 448 ;7;GEO1001;GEO1001;NAM;Q1 2020;Q1 2020;;;;;;;;;
CL13213;30/04/2020; 1 323 ;7;GEO1001;GEO1001;NAM;Q2 2020;Q2 2020;;;;;;;;;
CL13213;31/05/2020; 1 573 ;7;GEO1001;GEO1001;NAM;Q2 2020;Q2 2020;;;;;;;;;
CL13213;30/06/2020; 820 ;7;GEO1001;GEO1001;NAM;Q2 2020;Q2 2020;;;;;;;;;
CL13213;31/07/2020; 1 069 ;7;GEO1001;GEO1001;NAM;Q3 2020;Q3 2020;;;;;;;;;
CL13213;31/08/2020; 571 ;7;GEO1001;GEO1001;NAM;Q3 2020;Q3 2020;;;;;;;;;
CL13213;30/09/2020; 947 ;7;GEO1001;GEO1001;NAM;Q3 2020;Q3 2020;;;;;;;;;
CL13213;31/10/2020; 694 ;7;GEO1001;GEO1001;NAM;Q4 2020;Q4 2020;;;;;;;;;
CL13213;30/11/2020; 1 197 ;7;GEO1001;GEO1001;NAM;Q4 2020;Q4 2020;;;;;;;;;
CL13213;31/12/2020; 822 ;7;GEO1001;GEO1001;NAM;Q4 2020;Q4 2020;;;;;;;;;
CL13213;30/06/2021; 846 ;7;GEO1001;GEO1001;NAM;Q2 2021;Q2 2021;;;;;;;;;
CL13213;31/05/2021; 1 553 ;7;GEO1001;GEO1001;NAM;Q2 2021;Q2 2021;;;;;;;;;
CL13213;30/04/2021; 1 344 ;7;GEO1001;GEO1001;NAM;Q2 2021;Q2 2021;;;;;;;;;
CL13213;31/03/2021; 1 436 ;7;GEO1001;GEO1001;NAM;Q1 2021;Q1 2021;;;;;;;;;
CL13213;28/02/2021; 970 ;7;GEO1001;GEO1001;NAM;Q1 2021;Q1 2021;;;;;;;;;
CL13213;31/01/2021; 1 207 ;7;GEO1001;GEO1001;NAM;Q1 2021;Q1 2021;;;;;;;;;
CL13257;31/01/2020; 532 ;7;GEO1003;GEO1003;EMEA;Q1 2020;Q1 2020;;;;;;;;;
CL13257;29/02/2020; 760 ;7;GEO1003;GEO1003;EMEA;Q1 2020;Q1 2020;;;;;;;;;
CL13257;31/03/2020; 682 ;7;GEO1003;GEO1003;EMEA;Q1 2020;Q1 2020;;;;;;;;;
CL13257;30/04/2020; 984 ;7;GEO1003;GEO1003;EMEA;Q2 2020;Q2 2020;;;;;;;;;
CL13257;31/05/2020; 760 ;7;GEO1003;GEO1003;EMEA;Q2 2020;Q2 2020;;;;;;;;;
CL13257;30/06/2020; 681 ;7;GEO1003;GEO1003;EMEA;Q2 2020;Q2 2020;;;;;;;;;
CL13257;31/07/2020; 457 ;7;GEO1003;GEO1003;EMEA;Q3 2020;Q3 2020;;;;;;;;;
CL13257;31/08/2020; 528 ;7;GEO1003;GEO1003;EMEA;Q3 2020;Q3 2020;;;;;;;;;
CL13257;30/09/2020; 377 ;7;GEO1003;GEO1003;EMEA;Q3 2020;Q3 2020;;;;;;;;;
CL13257;31/10/2020; 606 ;7;GEO1003;GEO1003;EMEA;Q4 2020;Q4 2020;;;;;;;;;
CL13257;30/11/2020; 534 ;7;GEO1003;GEO1003;EMEA;Q4 2020;Q4 2020;;;;;;;;;
CL13257;31/12/2020; 681 ;7;GEO1003;GEO1003;EMEA;Q4 2020;Q4 2020;;;;;;;;;
CL13257;31/05/2021; 764 ;7;GEO1003;GEO1003;EMEA;Q2 2021;Q2 2021;;;;;;;;;
CL13257;30/04/2021; 973 ;7;GEO1003;GEO1003;EMEA;Q2 2021;Q2 2021;;;;;;;;;
CL13257;31/03/2021; 688 ;7;GEO1003;GEO1003;EMEA;Q1 2021;Q1 2021;;;;;;;;;
CL13257;28/02/2021; 750 ;7;GEO1003;GEO1003;EMEA;Q1 2021;Q1 2021;;;;;;;;;
CL13257;31/01/2021; 554 ;7;GEO1003;GEO1003;EMEA;Q1 2021;Q1 2021;;;;;;;;;
CL17270;30/06/2020; 1 342 ;7;GEO1001;GEO1001;NAM;Q2 2020;Q2 2020;;;;;;;;;
CL17270;31/07/2020; 1 526 ;7;GEO1001;GEO1001;NAM;Q3 2020;Q3 2020;;;;;;;;;
CL17270;31/08/2020; 958 ;7;GEO1001;GEO1001;NAM;Q3 2020;Q3 2020;;;;;;;;;
CL17270;30/09/2020; 1 340 ;7;GEO1001;GEO1001;NAM;Q3 2020;Q3 2020;;;;;;;;;
CL17270;31/10/2020; 1 150 ;7;GEO1001;GEO1001;NAM;Q4 2020;Q4 2020;;;;;;;;;
CL17270;30/11/2020; 1 721 ;7;GEO1001;GEO1001;NAM;Q4 2020;Q4 2020;;;;;;;;;
CL17270;31/12/2020; 1 342 ;7;GEO1001;GEO1001;NAM;Q4 2020;Q4 2020;;;;;;;;;
CL17270;30/06/2021; 1 325 ;7;GEO1001;GEO1001;NAM;Q2 2021;Q2 2021;;;;;;;;;
CL17270;31/05/2021; 2 403 ;7;GEO1001;GEO1001;NAM;Q2 2021;Q2 2021;;;;;;;;;
CL17270;30/04/2021; 2 089 ;7;GEO1001;GEO1001;NAM;Q2 2021;Q2 2021;;;;;;;;;
CL17270;31/03/2021; 2 185 ;7;GEO1001;GEO1001;NAM;Q1 2021;Q1 2021;;;;;;;;;
CL17270;28/02/2021; 1 542 ;7;GEO1001;GEO1001;NAM;Q1 2021;Q1 2021;;;;;;;;;
CL17270;31/01/2021; 1 804 ;7;GEO1001;GEO1001;NAM;Q1 2021;Q1 2021;;;;;;;;;
CL22140;31/01/2020; 12 887 ;7;GEO1001;GEO1001;NAM;Q1 2020;Q1 2020;;;;;;;;;
CL22140;29/02/2020; 18 411 ;7;GEO1001;GEO1001;NAM;Q1 2020;Q1 2020;;;;;;;;;
CL22140;31/03/2020; 16 571 ;7;GEO1001;GEO1001;NAM;Q1 2020;Q1 2020;;;;;;;;;
CL22140;30/04/2020; 23 929 ;7;GEO1001;GEO1001;NAM;Q2 2020;Q2 2020;;;;;;;;;
CL22140;31/05/2020; 18 409 ;7;GEO1001;GEO1001;NAM;Q2 2020;Q2 2020;;;;;;;;;
CL22140;30/06/2020; 16 572 ;7;GEO1001;GEO1001;NAM;Q2 2020;Q2 2020;;;;;;;;;
CL22140;31/07/2020; 11 044 ;7;GEO1001;GEO1001;NAM;Q3 2020;Q3 2020;;;;;;;;;
CL22140;31/08/2020; 12 885 ;7;GEO1001;GEO1001;NAM;Q3 2020;Q3 2020;;;;;;;;;
CL22140;30/09/2020; 9 208 ;7;GEO1001;GEO1001;NAM;Q3 2020;Q3 2020;;;;;;;;;
CL22140;31/10/2020; 14 725 ;7;GEO1001;GEO1001;NAM;Q4 2020;Q4 2020;;;;;;;;;
CL22140;30/11/2020; 12 888 ;7;GEO1001;GEO1001;NAM;Q4 2020;Q4 2020;;;;;;;;;
CL22140;31/12/2020; 16 571 ;7;GEO1001;GEO1001;NAM;Q4 2020;Q4 2020;;;;;;;;;
CL22140;30/06/2021; 17 235 ;7;GEO1001;GEO1001;NAM;Q2 2021;Q2 2021;;;;;;;;;
CL22140;31/05/2021; 19 146 ;7;GEO1001;GEO1001;NAM;Q2 2021;Q2 2021;;;;;;;;;
CL22140;30/04/2021; 23 690 ;7;GEO1001;GEO1001;NAM;Q2 2021;Q2 2021;;;;;;;;;
CL22140;31/03/2021; 17 229 ;7;GEO1001;GEO1001;NAM;Q1 2021;Q1 2021;;;;;;;;;
CL22140;28/02/2021; 19 330 ;7;GEO1001;GEO1001;NAM;Q1 2021;Q1 2021;;;;;;;;;
CL22140;31/01/2021; 12 826 ;7;GEO1001;GEO1001;NAM;Q1 2021;Q1 2021;;;;;;;;;
CL22675;30/09/2020; 1 249 ;7;GEO1004;GEO1004;LATAM;Q3 2020;Q3 2020;;;;;;;;;
CL22675;31/10/2020; 913 ;7;GEO1004;GEO1004;LATAM;Q4 2020;Q4 2020;;;;;;;;;
CL22675;30/11/2020; 1 574 ;7;GEO1004;GEO1004;LATAM;Q4 2020;Q4 2020;;;;;;;;;
CL22675;31/12/2020; 1 082 ;7;GEO1004;GEO1004;LATAM;Q4 2020;Q4 2020;;;;;;;;;
CL22675;31/03/2021; 1 945 ;7;GEO1004;GEO1004;LATAM;Q1 2021;Q1 2021;;;;;;;;;
CL22675;28/02/2021; 1 296 ;7;GEO1004;GEO1004;LATAM;Q1 2021;Q1 2021;;;;;;;;;
CL22675;31/01/2021; 1 568 ;7;GEO1004;GEO1004;LATAM;Q1 2021;Q1 2021;;;;;;;;;
CL23634;31/01/2020; 756 ;7;GEO1004;GEO1004;LATAM;Q1 2020;Q1 2020;;;;;;;;;
CL23634;29/02/2020; 954 ;7;GEO1004;GEO1004;LATAM;Q1 2020;Q1 2020;;;;;;;;;
CL23634;31/03/2020; 955 ;7;GEO1004;GEO1004;LATAM;Q1 2020;Q1 2020;;;;;;;;;
CL23634;30/04/2020; 1 261 ;7;GEO1004;GEO1004;LATAM;Q2 2020;Q2 2020;;;;;;;;;
CL23634;31/05/2020; 1 058 ;7;GEO1004;GEO1004;LATAM;Q2 2020;Q2 2020;;;;;;;;;
CL23634;30/06/2020; 855 ;7;GEO1004;GEO1004;LATAM;Q2 2020;Q2 2020;;;;;;;;;
CL23634;31/07/2020; 654 ;7;GEO1004;GEO1004;LATAM;Q3 2020;Q3 2020;;;;;;;;;
CL23634;31/08/2020; 656 ;7;GEO1004;GEO1004;LATAM;Q3 2020;Q3 2020;;;;;;;;;
CL23634;30/09/2020; 554 ;7;GEO1004;GEO1004;LATAM;Q3 2020;Q3 2020;;;;;;;;;
CL23634;31/10/2020; 760 ;7;GEO1004;GEO1004;LATAM;Q4 2020;Q4 2020;;;;;;;;;
CL23634;30/11/2020; 759 ;7;GEO1004;GEO1004;LATAM;Q4 2020;Q4 2020;;;;;;;;;
CL23634;31/12/2020; 857 ;7;GEO1004;GEO1004;LATAM;Q4 2020;Q4 2020;;;;;;;;;
CL23634;30/06/2021; 865 ;7;GEO1004;GEO1004;LATAM;Q2 2021;Q2 2021;;;;;;;;;
CL23634;31/05/2021; 1 078 ;7;GEO1004;GEO1004;LATAM;Q2 2021;Q2 2021;;;;;;;;;
CL23634;30/04/2021; 1 305 ;7;GEO1004;GEO1004;LATAM;Q2 2021;Q2 2021;;;;;;;;;
CL23634;31/03/2021; 950 ;7;GEO1004;GEO1004;LATAM;Q1 2021;Q1 2021;;;;;;;;;
CL23634;28/02/2021; 968 ;7;GEO1004;GEO1004;LATAM;Q1 2021;Q1 2021;;;;;;;;;
CL23634;31/01/2021; 749 ;7;GEO1004;GEO1004;LATAM;Q1 2021;Q1 2021;;;;;;;;;
CL24510;31/01/2020; 945 ;7;GEO1002;GEO1002;APAC;Q1 2020;Q1 2020;;;;;;;;;
CL24510;29/02/2020; 941 ;7;GEO1002;GEO1002;APAC;Q1 2020;Q1 2020;;;;;;;;;
CL24510;31/03/2020; 1 164 ;7;GEO1002;GEO1002;APAC;Q1 2020;Q1 2020;;;;;;;;;
CL24510;30/04/2020; 1 276 ;7;GEO1002;GEO1002;APAC;Q2 2020;Q2 2020;;;;;;;;;
CL24510;31/05/2020; 1 275 ;7;GEO1002;GEO1002;APAC;Q2 2020;Q2 2020;;;;;;;;;
CL24510;30/06/2020; 834 ;7;GEO1002;GEO1002;APAC;Q2 2020;Q2 2020;;;;;;;;;
CL24510;31/07/2020; 833 ;7;GEO1002;GEO1002;APAC;Q3 2020;Q3 2020;;;;;;;;;
CL24510;31/08/2020; 610 ;7;GEO1002;GEO1002;APAC;Q3 2020;Q3 2020;;;;;;;;;
CL24510;30/09/2020; 722 ;7;GEO1002;GEO1002;APAC;Q3 2020;Q3 2020;;;;;;;;;
CL24510;31/10/2020; 722 ;7;GEO1002;GEO1002;APAC;Q4 2020;Q4 2020;;;;;;;;;
CL24510;30/11/2020; 939 ;7;GEO1002;GEO1002;APAC;Q4 2020;Q4 2020;;;;;;;;;
CL24510;31/12/2020; 829 ;7;GEO1002;GEO1002;APAC;Q4 2020;Q4 2020;;;;;;;;;
CL24510;30/06/2021; 848 ;7;GEO1002;GEO1002;APAC;Q2 2021;Q2 2021;;;;;;;;;
CL24510;31/05/2021; 1 326 ;7;GEO1002;GEO1002;APAC;Q2 2021;Q2 2021;;;;;;;;;
CL24510;30/04/2021; 1 309 ;7;GEO1002;GEO1002;APAC;Q2 2021;Q2 2021;;;;;;;;;
CL24510;31/03/2021; 1 173 ;7;GEO1002;GEO1002;APAC;Q1 2021;Q1 2021;;;;;;;;;
CL24510;28/02/2021; 935 ;7;GEO1002;GEO1002;APAC;Q1 2021;Q1 2021;;;;;;;;;
CL24510;31/01/2021; 973 ;7;GEO1002;GEO1002;APAC;Q1 2021;Q1 2021;;;;;;;;;
CL28683;31/01/2020; 188 ;7;GEO1004;GEO1004;LATAM;Q1 2020;Q1 2020;;;;;;;;;
CL28683;29/02/2020; 168 ;7;GEO1004;GEO1004;LATAM;Q1 2020;Q1 2020;;;;;;;;;
CL28683;31/03/2020; 226 ;7;GEO1004;GEO1004;LATAM;Q1 2020;Q1 2020;;;;;;;;;
CL28683;30/04/2020; 223 ;7;GEO1004;GEO1004;LATAM;Q2 2020;Q2 2020;;;;;;;;;
CL28683;31/05/2020; 247 ;7;GEO1004;GEO1004;LATAM;Q2 2020;Q2 2020;;;;;;;;;
CL28683;30/06/2020; 142 ;7;GEO1004;GEO1004;LATAM;Q2 2020;Q2 2020;;;;;;;;;
CL28683;31/07/2020; 163 ;7;GEO1004;GEO1004;LATAM;Q3 2020;Q3 2020;;;;;;;;;
CL28683;31/08/2020; 101 ;7;GEO1004;GEO1004;LATAM;Q3 2020;Q3 2020;;;;;;;;;
CL28683;30/09/2020; 142 ;7;GEO1004;GEO1004;LATAM;Q3 2020;Q3 2020;;;;;;;;;
CL28683;31/10/2020; 123 ;7;GEO1004;GEO1004;LATAM;Q4 2020;Q4 2020;;;;;;;;;
CL28683;30/11/2020; 183 ;7;GEO1004;GEO1004;LATAM;Q4 2020;Q4 2020;;;;;;;;;
CL28683;31/12/2020; 144 ;7;GEO1004;GEO1004;LATAM;Q4 2020;Q4 2020;;;;;;;;;
CL28683;30/06/2021; 145 ;7;GEO1004;GEO1004;LATAM;Q2 2021;Q2 2021;;;;;;;;;
CL28683;31/05/2021; 244 ;7;GEO1004;GEO1004;LATAM;Q2 2021;Q2 2021;;;;;;;;;
CL28683;30/04/2021; 226 ;7;GEO1004;GEO1004;LATAM;Q2 2021;Q2 2021;;;;;;;;;
CL28683;31/03/2021; 227 ;7;GEO1004;GEO1004;LATAM;Q1 2021;Q1 2021;;;;;;;;;
CL28683;28/02/2021; 172 ;7;GEO1004;GEO1004;LATAM;Q1 2021;Q1 2021;;;;;;;;;
CL28683;31/01/2021; 190 ;7;GEO1004;GEO1004;LATAM;Q1 2021;Q1 2021;;;;;;;;;
CL29380;31/01/2020; 391 ;7;GEO1003;GEO1003;EMEA;Q1 2020;Q1 2020;;;;;;;;;
CL29380;29/02/2020; 553 ;7;GEO1003;GEO1003;EMEA;Q1 2020;Q1 2020;;;;;;;;;
CL29380;31/03/2020; 498 ;7;GEO1003;GEO1003;EMEA;Q1 2020;Q1 2020;;;;;;;;;
CL29380;30/04/2020; 719 ;7;GEO1003;GEO1003;EMEA;Q2 2020;Q2 2020;;;;;;;;;
CL29380;31/05/2020; 555 ;7;GEO1003;GEO1003;EMEA;Q2 2020;Q2 2020;;;;;;;;;
CL29380;30/06/2020; 499 ;7;GEO1003;GEO1003;EMEA;Q2 2020;Q2 2020;;;;;;;;;
CL29380;31/07/2020; 338 ;7;GEO1003;GEO1003;EMEA;Q3 2020;Q3 2020;;;;;;;;;
CL29380;31/08/2020; 391 ;7;GEO1003;GEO1003;EMEA;Q3 2020;Q3 2020;;;;;;;;;
CL29380;30/09/2020; 279 ;7;GEO1003;GEO1003;EMEA;Q3 2020;Q3 2020;;;;;;;;;
CL29380;31/10/2020; 447 ;7;GEO1003;GEO1003;EMEA;Q4 2020;Q4 2020;;;;;;;;;
CL29380;30/11/2020; 390 ;7;GEO1003;GEO1003;EMEA;Q4 2020;Q4 2020;;;;;;;;;
CL29380;31/12/2020; 500 ;7;GEO1003;GEO1003;EMEA;Q4 2020;Q4 2020;;;;;;;;;
CL29380;30/06/2021; 505 ;7;GEO1003;GEO1003;EMEA;Q2 2021;Q2 2021;;;;;;;;;
CL29380;31/05/2021; 574 ;7;GEO1003;GEO1003;EMEA;Q2 2021;Q2 2021;;;;;;;;;
CL29380;30/04/2021; 747 ;7;GEO1003;GEO1003;EMEA;Q2 2021;Q2 2021;;;;;;;;;
CL29380;31/03/2021; 515 ;7;GEO1003;GEO1003;EMEA;Q1 2021;Q1 2021;;;;;;;;;
CL29380;28/02/2021; 564 ;7;GEO1003;GEO1003;EMEA;Q1 2021;Q1 2021;;;;;;;;;
CL29380;31/01/2021; 404 ;7;GEO1003;GEO1003;EMEA;Q1 2021;Q1 2021;;;;;;;;;
CL31601;31/01/2020; 16 996 ;7;GEO1001;GEO1001;NAM;Q1 2020;Q1 2020;;;;;;;;;
CL31601;29/02/2020; 19 114 ;7;GEO1001;GEO1001;NAM;Q1 2020;Q1 2020;;;;;;;;;
CL31601;31/03/2020; 21 243 ;7;GEO1001;GEO1001;NAM;Q1 2020;Q1 2020;;;;;;;;;
CL31601;30/04/2020; 25 486 ;7;GEO1001;GEO1001;NAM;Q2 2020;Q2 2020;;;;;;;;;
CL31601;31/05/2020; 23 366 ;7;GEO1001;GEO1001;NAM;Q2 2020;Q2 2020;;;;;;;;;
CL31601;30/06/2020; 16 995 ;7;GEO1001;GEO1001;NAM;Q2 2020;Q2 2020;;;;;;;;;
CL31601;31/07/2020; 14 870 ;7;GEO1001;GEO1001;NAM;Q3 2020;Q3 2020;;;;;;;;;
CL31601;31/08/2020; 12 746 ;7;GEO1001;GEO1001;NAM;Q3 2020;Q3 2020;;;;;;;;;
CL31601;30/09/2020; 12 748 ;7;GEO1001;GEO1001;NAM;Q3 2020;Q3 2020;;;;;;;;;
CL31601;31/10/2020; 14 871 ;7;GEO1001;GEO1001;NAM;Q4 2020;Q4 2020;;;;;;;;;
CL31601;30/11/2020; 16 997 ;7;GEO1001;GEO1001;NAM;Q4 2020;Q4 2020;;;;;;;;;
CL31601;31/12/2020; 16 997 ;7;GEO1001;GEO1001;NAM;Q4 2020;Q4 2020;;;;;;;;;
CL31601;30/06/2021; 17 844 ;7;GEO1001;GEO1001;NAM;Q2 2021;Q2 2021;;;;;;;;;
CL31601;31/05/2021; 23 129 ;7;GEO1001;GEO1001;NAM;Q2 2021;Q2 2021;;;;;;;;;
CL31601;30/04/2021; 26 253 ;7;GEO1001;GEO1001;NAM;Q2 2021;Q2 2021;;;;;;;;;
CL31601;31/03/2021; 21 877 ;7;GEO1001;GEO1001;NAM;Q1 2021;Q1 2021;;;;;;;;;
CL31601;28/02/2021; 19 020 ;7;GEO1001;GEO1001;NAM;Q1 2021;Q1 2021;;;;;;;;;
CL31601;31/01/2021; 17 843 ;7;GEO1001;GEO1001;NAM;Q1 2021;Q1 2021;;;;;;;;;
CL33189;31/01/2020; 13 879 ;7;GEO1001;GEO1001;NAM;Q1 2020;Q1 2020;;;;;;;;;
CL33189;29/02/2020; 19 822 ;7;GEO1001;GEO1001;NAM;Q1 2020;Q1 2020;;;;;;;;;
CL33189;31/03/2020; 17 842 ;7;GEO1001;GEO1001;NAM;Q1 2020;Q1 2020;;;;;;;;;
CL33189;30/04/2020; 25 770 ;7;GEO1001;GEO1001;NAM;Q2 2020;Q2 2020;;;;;;;;;
CL33189;31/05/2020; 19 823 ;7;GEO1001;GEO1001;NAM;Q2 2020;Q2 2020;;;;;;;;;
CL33189;30/06/2020; 17 845 ;7;GEO1001;GEO1001;NAM;Q2 2020;Q2 2020;;;;;;;;;
CL33189;31/07/2020; 11 899 ;7;GEO1001;GEO1001;NAM;Q3 2020;Q3 2020;;;;;;;;;
CL33189;31/08/2020; 13 879 ;7;GEO1001;GEO1001;NAM;Q3 2020;Q3 2020;;;;;;;;;
CL33189;30/09/2020; 9 913 ;7;GEO1001;GEO1001;NAM;Q3 2020;Q3 2020;;;;;;;;;
CL33189;31/10/2020; 15 858 ;7;GEO1001;GEO1001;NAM;Q4 2020;Q4 2020;;;;;;;;;
CL33189;30/11/2020; 13 882 ;7;GEO1001;GEO1001;NAM;Q4 2020;Q4 2020;;;;;;;;;
CL33189;31/12/2020; 17 841 ;7;GEO1001;GEO1001;NAM;Q4 2020;Q4 2020;;;;;;;;;
CL33189;30/06/2021; 18 554 ;7;GEO1001;GEO1001;NAM;Q2 2021;Q2 2021;;;;;;;;;
CL33189;31/05/2021; 20 218 ;7;GEO1001;GEO1001;NAM;Q2 2021;Q2 2021;;;;;;;;;
CL33189;30/04/2021; 27 062 ;7;GEO1001;GEO1001;NAM;Q2 2021;Q2 2021;;;;;;;;;
CL33189;31/03/2021; 18 378 ;7;GEO1001;GEO1001;NAM;Q1 2021;Q1 2021;;;;;;;;;
CL33189;28/02/2021; 19 729 ;7;GEO1001;GEO1001;NAM;Q1 2021;Q1 2021;;;;;;;;;
CL33189;31/01/2021; 14 159 ;7;GEO1001;GEO1001;NAM;Q1 2021;Q1 2021;;;;;;;;;
CL35993;29/02/2020; 815 ;7;GEO1002;GEO1002;APAC;Q1 2020;Q1 2020;;;;;;;;;
CL35993;31/03/2020; 910 ;7;GEO1002;GEO1002;APAC;Q1 2020;Q1 2020;;;;;;;;;
CL35993;30/04/2020; 1 091 ;7;GEO1002;GEO1002;APAC;Q2 2020;Q2 2020;;;;;;;;;
CL35993;31/05/2020; 995 ;7;GEO1002;GEO1002;APAC;Q2 2020;Q2 2020;;;;;;;;;
CL35993;30/06/2020; 727 ;7;GEO1002;GEO1002;APAC;Q2 2020;Q2 2020;;;;;;;;;
CL35993;31/07/2020; 635 ;7;GEO1002;GEO1002;APAC;Q3 2020;Q3 2020;;;;;;;;;
CL35993;31/08/2020; 544 ;7;GEO1002;GEO1002;APAC;Q3 2020;Q3 2020;;;;;;;;;
CL35993;30/09/2020; 545 ;7;GEO1002;GEO1002;APAC;Q3 2020;Q3 2020;;;;;;;;;
CL35993;31/10/2020; 637 ;7;GEO1002;GEO1002;APAC;Q4 2020;Q4 2020;;;;;;;;;
CL35993;30/11/2020; 723 ;7;GEO1002;GEO1002;APAC;Q4 2020;Q4 2020;;;;;;;;;
CL35993;31/12/2020; 727 ;7;GEO1002;GEO1002;APAC;Q4 2020;Q4 2020;;;;;;;;;
CL35993;30/06/2021; 722 ;7;GEO1002;GEO1002;APAC;Q2 2021;Q2 2021;;;;;;;;;
CL35993;31/05/2021; 1 039 ;7;GEO1002;GEO1002;APAC;Q2 2021;Q2 2021;;;;;;;;;
CL35993;30/04/2021; 1 124 ;7;GEO1002;GEO1002;APAC;Q2 2021;Q2 2021;;;;;;;;;
CL35993;31/03/2021; 895 ;7;GEO1002;GEO1002;APAC;Q1 2021;Q1 2021;;;;;;;;;
CL35993;28/02/2021; 851 ;7;GEO1002;GEO1002;APAC;Q1 2021;Q1 2021;;;;;;;;;
CL35993;31/01/2021; 741 ;7;GEO1002;GEO1002;APAC;Q1 2021;Q1 2021;;;;;;;;;
CL36191;31/01/2020; 1 172 ;7;GEO1004;GEO1004;LATAM;Q1 2020;Q1 2020;;;;;;;;;
CL36191;29/02/2020; 1 483 ;7;GEO1004;GEO1004;LATAM;Q1 2020;Q1 2020;;;;;;;;;
CL36191;31/03/2020; 1 484 ;7;GEO1004;GEO1004;LATAM;Q1 2020;Q1 2020;;;;;;;;;
CL36191;30/04/2020; 1 949 ;7;GEO1004;GEO1004;LATAM;Q2 2020;Q2 2020;;;;;;;;;
CL36191;31/05/2020; 1 635 ;7;GEO1004;GEO1004;LATAM;Q2 2020;Q2 2020;;;;;;;;;
CL36191;30/06/2020; 1 326 ;7;GEO1004;GEO1004;LATAM;Q2 2020;Q2 2020;;;;;;;;;
CL36191;31/07/2020; 1 012 ;7;GEO1004;GEO1004;LATAM;Q3 2020;Q3 2020;;;;;;;;;
CL36191;31/08/2020; 1 018 ;7;GEO1004;GEO1004;LATAM;Q3 2020;Q3 2020;;;;;;;;;
CL36191;30/09/2020; 861 ;7;GEO1004;GEO1004;LATAM;Q3 2020;Q3 2020;;;;;;;;;
CL36191;31/10/2020; 1 173 ;7;GEO1004;GEO1004;LATAM;Q4 2020;Q4 2020;;;;;;;;;
CL36191;30/11/2020; 1 169 ;7;GEO1004;GEO1004;LATAM;Q4 2020;Q4 2020;;;;;;;;;
CL36191;31/12/2020; 1 323 ;7;GEO1004;GEO1004;LATAM;Q4 2020;Q4 2020;;;;;;;;;
CL36191;30/06/2021; 1 318 ;7;GEO1004;GEO1004;LATAM;Q2 2021;Q2 2021;;;;;;;;;
CL36191;31/05/2021; 1 656 ;7;GEO1004;GEO1004;LATAM;Q2 2021;Q2 2021;;;;;;;;;
CL36191;30/04/2021; 1 987 ;7;GEO1004;GEO1004;LATAM;Q2 2021;Q2 2021;;;;;;;;;
CL36191;31/03/2021; 1 528 ;7;GEO1004;GEO1004;LATAM;Q1 2021;Q1 2021;;;;;;;;;
CL36191;28/02/2021; 1 557 ;7;GEO1004;GEO1004;LATAM;Q1 2021;Q1 2021;;;;;;;;;
CL36191;31/01/2021; 1 183 ;7;GEO1004;GEO1004;LATAM;Q1 2021;Q1 2021;;;;;;;;;
CL37714;31/01/2020; 11 332 ;7;GEO1001;GEO1001;NAM;Q1 2020;Q1 2020;;;;;;;;;
CL37714;29/02/2020; 12 748 ;7;GEO1001;GEO1001;NAM;Q1 2020;Q1 2020;;;;;;;;;
CL37714;31/03/2020; 14 162 ;7;GEO1001;GEO1001;NAM;Q1 2020;Q1 2020;;;;;;;;;
CL37714;30/04/2020; 16 992 ;7;GEO1001;GEO1001;NAM;Q2 2020;Q2 2020;;;;;;;;;
CL37714;31/05/2020; 15 578 ;7;GEO1001;GEO1001;NAM;Q2 2020;Q2 2020;;;;;;;;;
CL37714;30/06/2020; 11 330 ;7;GEO1001;GEO1001;NAM;Q2 2020;Q2 2020;;;;;;;;;
CL37714;31/07/2020; 9 912 ;7;GEO1001;GEO1001;NAM;Q3 2020;Q3 2020;;;;;;;;;
CL37714;31/08/2020; 8 496 ;7;GEO1001;GEO1001;NAM;Q3 2020;Q3 2020;;;;;;;;;
CL37714;30/09/2020; 8 502 ;7;GEO1001;GEO1001;NAM;Q3 2020;Q3 2020;;;;;;;;;
CL37714;31/10/2020; 9 917 ;7;GEO1001;GEO1001;NAM;Q4 2020;Q4 2020;;;;;;;;;
CL37714;30/11/2020; 11 330 ;7;GEO1001;GEO1001;NAM;Q4 2020;Q4 2020;;;;;;;;;
CL37714;31/12/2020; 11 328 ;7;GEO1001;GEO1001;NAM;Q4 2020;Q4 2020;;;;;;;;;
CL37714;30/06/2021; 11 781 ;7;GEO1001;GEO1001;NAM;Q2 2021;Q2 2021;;;;;;;;;
CL37714;31/05/2021; 15 424 ;7;GEO1001;GEO1001;NAM;Q2 2021;Q2 2021;;;;;;;;;
CL37714;30/04/2021; 16 906 ;7;GEO1001;GEO1001;NAM;Q2 2021;Q2 2021;;;;;;;;;
CL37714;31/03/2021; 14 020 ;7;GEO1001;GEO1001;NAM;Q1 2021;Q1 2021;;;;;;;;;
CL37714;28/02/2021; 13 386 ;7;GEO1001;GEO1001;NAM;Q1 2021;Q1 2021;;;;;;;;;
CL37714;31/01/2021; 11 896 ;7;GEO1001;GEO1001;NAM;Q1 2021;Q1 2021;;;;;;;;;
CL37879;31/01/2020; 358 ;7;GEO1004;GEO1004;LATAM;Q1 2020;Q1 2020;;;;;;;;;
CL37879;29/02/2020; 508 ;7;GEO1004;GEO1004;LATAM;Q1 2020;Q1 2020;;;;;;;;;
CL37879;31/03/2020; 458 ;7;GEO1004;GEO1004;LATAM;Q1 2020;Q1 2020;;;;;;;;;
CL37879;30/04/2020; 655 ;7;GEO1004;GEO1004;LATAM;Q2 2020;Q2 2020;;;;;;;;;
CL37879;31/05/2020; 506 ;7;GEO1004;GEO1004;LATAM;Q2 2020;Q2 2020;;;;;;;;;
CL37879;30/06/2020; 458 ;7;GEO1004;GEO1004;LATAM;Q2 2020;Q2 2020;;;;;;;;;
CL37879;31/07/2020; 308 ;7;GEO1004;GEO1004;LATAM;Q3 2020;Q3 2020;;;;;;;;;
CL37879;31/08/2020; 353 ;7;GEO1004;GEO1004;LATAM;Q3 2020;Q3 2020;;;;;;;;;
CL37879;30/09/2020; 252 ;7;GEO1004;GEO1004;LATAM;Q3 2020;Q3 2020;;;;;;;;;
CL37879;31/10/2020; 402 ;7;GEO1004;GEO1004;LATAM;Q4 2020;Q4 2020;;;;;;;;;
CL37879;30/11/2020; 352 ;7;GEO1004;GEO1004;LATAM;Q4 2020;Q4 2020;;;;;;;;;
CL37879;31/12/2020; 457 ;7;GEO1004;GEO1004;LATAM;Q4 2020;Q4 2020;;;;;;;;;
CL37879;30/06/2021; 472 ;7;GEO1004;GEO1004;LATAM;Q2 2021;Q2 2021;;;;;;;;;
CL37879;31/05/2021; 499 ;7;GEO1004;GEO1004;LATAM;Q2 2021;Q2 2021;;;;;;;;;
CL37879;30/04/2021; 665 ;7;GEO1004;GEO1004;LATAM;Q2 2021;Q2 2021;;;;;;;;;
CL37879;31/03/2021; 459 ;7;GEO1004;GEO1004;LATAM;Q1 2021;Q1 2021;;;;;;;;;
CL37879;28/02/2021; 519 ;7;GEO1004;GEO1004;LATAM;Q1 2021;Q1 2021;;;;;;;;;
CL37879;31/01/2021; 358 ;7;GEO1004;GEO1004;LATAM;Q1 2021;Q1 2021;;;;;;;;;
CL38496;31/01/2020; 20 394 ;7;GEO1001;GEO1001;NAM;Q1 2020;Q1 2020;;;;;;;;;
CL38496;29/02/2020; 22 941 ;7;GEO1001;GEO1001;NAM;Q1 2020;Q1 2020;;;;;;;;;
CL38496;31/03/2020; 25 487 ;7;GEO1001;GEO1001;NAM;Q1 2020;Q1 2020;;;;;;;;;
CL38496;30/04/2020; 30 586 ;7;GEO1001;GEO1001;NAM;Q2 2020;Q2 2020;;;;;;;;;
CL38496;31/05/2020; 28 040 ;7;GEO1001;GEO1001;NAM;Q2 2020;Q2 2020;;;;;;;;;
CL38496;30/06/2020; 20 393 ;7;GEO1001;GEO1001;NAM;Q2 2020;Q2 2020;;;;;;;;;
CL38496;31/07/2020; 17 841 ;7;GEO1001;GEO1001;NAM;Q3 2020;Q3 2020;;;;;;;;;
CL38496;31/08/2020; 15 298 ;7;GEO1001;GEO1001;NAM;Q3 2020;Q3 2020;;;;;;;;;
CL38496;30/09/2020; 15 295 ;7;GEO1001;GEO1001;NAM;Q3 2020;Q3 2020;;;;;;;;;
CL38496;31/10/2020; 17 846 ;7;GEO1001;GEO1001;NAM;Q4 2020;Q4 2020;;;;;;;;;
CL38496;30/11/2020; 20 388 ;7;GEO1001;GEO1001;NAM;Q4 2020;Q4 2020;;;;;;;;;
CL38496;31/12/2020; 20 391 ;7;GEO1001;GEO1001;NAM;Q4 2020;Q4 2020;;;;;;;;;
CL38496;30/06/2021; 20 289 ;7;GEO1001;GEO1001;NAM;Q2 2021;Q2 2021;;;;;;;;;
CL38496;31/05/2021; 29 437 ;7;GEO1001;GEO1001;NAM;Q2 2021;Q2 2021;;;;;;;;;
CL38496;30/04/2021; 32 113 ;7;GEO1001;GEO1001;NAM;Q2 2021;Q2 2021;;;;;;;;;
CL38496;31/03/2021; 26 762 ;7;GEO1001;GEO1001;NAM;Q1 2021;Q1 2021;;;;;;;;;
CL38496;28/02/2021; 22 713 ;7;GEO1001;GEO1001;NAM;Q1 2021;Q1 2021;;;;;;;;;
CL38496;31/01/2021; 20 286 ;7;GEO1001;GEO1001;NAM;Q1 2021;Q1 2021;;;;;;;;;
CL43946;31/01/2020; 11 682 ;7;GEO1004;GEO1004;LATAM;Q1 2020;Q1 2020;;;;;;;;;
CL43946;29/02/2020; 14 802 ;7;GEO1004;GEO1004;LATAM;Q1 2020;Q1 2020;;;;;;;;;
CL43946;31/03/2020; 14 798 ;7;GEO1004;GEO1004;LATAM;Q1 2020;Q1 2020;;;;;;;;;
CL43946;30/04/2020; 19 470 ;7;GEO1004;GEO1004;LATAM;Q2 2020;Q2 2020;;;;;;;;;
CL43946;31/05/2020; 16 356 ;7;GEO1004;GEO1004;LATAM;Q2 2020;Q2 2020;;;;;;;;;
CL43946;30/06/2020; 13 245 ;7;GEO1004;GEO1004;LATAM;Q2 2020;Q2 2020;;;;;;;;;
CL43946;31/07/2020; 10 130 ;7;GEO1004;GEO1004;LATAM;Q3 2020;Q3 2020;;;;;;;;;
CL43946;31/08/2020; 10 124 ;7;GEO1004;GEO1004;LATAM;Q3 2020;Q3 2020;;;;;;;;;
CL43946;30/09/2020; 8 573 ;7;GEO1004;GEO1004;LATAM;Q3 2020;Q3 2020;;;;;;;;;
CL43946;31/10/2020; 11 682 ;7;GEO1004;GEO1004;LATAM;Q4 2020;Q4 2020;;;;;;;;;
CL43946;30/11/2020; 11 686 ;7;GEO1004;GEO1004;LATAM;Q4 2020;Q4 2020;;;;;;;;;
CL43946;31/12/2020; 13 239 ;7;GEO1004;GEO1004;LATAM;Q4 2020;Q4 2020;;;;;;;;;
CL43946;30/06/2021; 13 905 ;7;GEO1004;GEO1004;LATAM;Q2 2021;Q2 2021;;;;;;;;;
CL43946;31/05/2021; 16 273 ;7;GEO1004;GEO1004;LATAM;Q2 2021;Q2 2021;;;;;;;;;
CL43946;30/04/2021; 20 251 ;7;GEO1004;GEO1004;LATAM;Q2 2021;Q2 2021;;;;;;;;;
CL43946;31/03/2021; 15 092 ;7;GEO1004;GEO1004;LATAM;Q1 2021;Q1 2021;;;;;;;;;
CL43946;28/02/2021; 15 094 ;7;GEO1004;GEO1004;LATAM;Q1 2021;Q1 2021;;;;;;;;;
CL43946;31/01/2021; 11 799 ;7;GEO1004;GEO1004;LATAM;Q1 2021;Q1 2021;;;;;;;;;
CL44634;31/07/2020; 326 ;7;GEO1002;GEO1002;APAC;Q3 2020;Q3 2020;;;;;;;;;
CL44634;31/08/2020; 202 ;7;GEO1002;GEO1002;APAC;Q3 2020;Q3 2020;;;;;;;;;
CL44634;30/09/2020; 283 ;7;GEO1002;GEO1002;APAC;Q3 2020;Q3 2020;;;;;;;;;
CL44634;31/10/2020; 243 ;7;GEO1002;GEO1002;APAC;Q4 2020;Q4 2020;;;;;;;;;
CL44634;30/11/2020; 368 ;7;GEO1002;GEO1002;APAC;Q4 2020;Q4 2020;;;;;;;;;
CL44634;31/12/2020; 285 ;7;GEO1002;GEO1002;APAC;Q4 2020;Q4 2020;;;;;;;;;
CL44634;30/06/2021; 292 ;7;GEO1002;GEO1002;APAC;Q2 2021;Q2 2021;;;;;;;;;
CL44634;31/05/2021; 495 ;7;GEO1002;GEO1002;APAC;Q2 2021;Q2 2021;;;;;;;;;
CL44634;30/04/2021; 467 ;7;GEO1002;GEO1002;APAC;Q2 2021;Q2 2021;;;;;;;;;
CL44634;31/03/2021; 451 ;7;GEO1002;GEO1002;APAC;Q1 2021;Q1 2021;;;;;;;;;
CL44634;28/02/2021; 320 ;7;GEO1002;GEO1002;APAC;Q1 2021;Q1 2021;;;;;;;;;
CL44634;31/01/2021; 361 ;7;GEO1002;GEO1002;APAC;Q1 2021;Q1 2021;;;;;;;;;
CL46663;31/01/2020; 2 691 ;7;GEO1001;GEO1001;NAM;Q1 2020;Q1 2020;;;;;;;;;
CL46663;29/02/2020; 2 129 ;7;GEO1001;GEO1001;NAM;Q1 2020;Q1 2020;;;;;;;;;
CL46663;31/03/2020; 3 258 ;7;GEO1001;GEO1001;NAM;Q1 2020;Q1 2020;;;;;;;;;
CL46663;30/04/2020; 2 978 ;7;GEO1001;GEO1001;NAM;Q2 2020;Q2 2020;;;;;;;;;
CL46663;31/05/2020; 3 544 ;7;GEO1001;GEO1001;NAM;Q2 2020;Q2 2020;;;;;;;;;
CL46663;30/06/2020; 1 845 ;7;GEO1001;GEO1001;NAM;Q2 2020;Q2 2020;;;;;;;;;
CL46663;31/07/2020; 2 414 ;7;GEO1001;GEO1001;NAM;Q3 2020;Q3 2020;;;;;;;;;
CL46663;31/08/2020; 1 281 ;7;GEO1001;GEO1001;NAM;Q3 2020;Q3 2020;;;;;;;;;
CL46663;30/09/2020; 2 131 ;7;GEO1001;GEO1001;NAM;Q3 2020;Q3 2020;;;;;;;;;
CL46663;31/10/2020; 1 560 ;7;GEO1001;GEO1001;NAM;Q4 2020;Q4 2020;;;;;;;;;
CL46663;30/11/2020; 2 691 ;7;GEO1001;GEO1001;NAM;Q4 2020;Q4 2020;;;;;;;;;
CL46663;31/12/2020; 1 843 ;7;GEO1001;GEO1001;NAM;Q4 2020;Q4 2020;;;;;;;;;
CL46663;30/06/2021; 1 864 ;7;GEO1001;GEO1001;NAM;Q2 2021;Q2 2021;;;;;;;;;
CL46663;31/05/2021; 3 527 ;7;GEO1001;GEO1001;NAM;Q2 2021;Q2 2021;;;;;;;;;
CL46663;30/04/2021; 3 010 ;7;GEO1001;GEO1001;NAM;Q2 2021;Q2 2021;;;;;;;;;
CL46663;31/03/2021; 3 387 ;7;GEO1001;GEO1001;NAM;Q1 2021;Q1 2021;;;;;;;;;
CL46663;28/02/2021; 2 190 ;7;GEO1001;GEO1001;NAM;Q1 2021;Q1 2021;;;;;;;;;
CL46663;31/01/2021; 2 719 ;7;GEO1001;GEO1001;NAM;Q1 2021;Q1 2021;;;;;;;;;
CL49900;31/01/2020; 484 ;7;GEO1004;GEO1004;LATAM;Q1 2020;Q1 2020;;;;;;;;;
CL49900;29/02/2020; 546 ;7;GEO1004;GEO1004;LATAM;Q1 2020;Q1 2020;;;;;;;;;
CL49900;31/03/2020; 609 ;7;GEO1004;GEO1004;LATAM;Q1 2020;Q1 2020;;;;;;;;;
CL49900;30/04/2020; 727 ;7;GEO1004;GEO1004;LATAM;Q2 2020;Q2 2020;;;;;;;;;
CL49900;31/05/2020; 663 ;7;GEO1004;GEO1004;LATAM;Q2 2020;Q2 2020;;;;;;;;;
CL49900;30/06/2020; 489 ;7;GEO1004;GEO1004;LATAM;Q2 2020;Q2 2020;;;;;;;;;
CL49900;31/07/2020; 422 ;7;GEO1004;GEO1004;LATAM;Q3 2020;Q3 2020;;;;;;;;;
CL49900;31/08/2020; 366 ;7;GEO1004;GEO1004;LATAM;Q3 2020;Q3 2020;;;;;;;;;
CL49900;30/09/2020; 365 ;7;GEO1004;GEO1004;LATAM;Q3 2020;Q3 2020;;;;;;;;;
CL49900;31/10/2020; 428 ;7;GEO1004;GEO1004;LATAM;Q4 2020;Q4 2020;;;;;;;;;
CL49900;30/11/2020; 486 ;7;GEO1004;GEO1004;LATAM;Q4 2020;Q4 2020;;;;;;;;;
CL49900;31/12/2020; 488 ;7;GEO1004;GEO1004;LATAM;Q4 2020;Q4 2020;;;;;;;;;
CL49900;31/01/2021; 483 ;7;GEO1004;GEO1004;LATAM;Q1 2021;Q1 2021;;;;;;;;;
CL49960;31/01/2020; 13 597 ;7;GEO1002;GEO1002;APAC;Q1 2020;Q1 2020;;;;;;;;;
CL49960;29/02/2020; 15 298 ;7;GEO1002;GEO1002;APAC;Q1 2020;Q1 2020;;;;;;;;;
CL49960;31/03/2020; 16 992 ;7;GEO1002;GEO1002;APAC;Q1 2020;Q1 2020;;;;;;;;;
CL49960;30/04/2020; 20 394 ;7;GEO1002;GEO1002;APAC;Q2 2020;Q2 2020;;;;;;;;;
CL49960;31/05/2020; 18 695 ;7;GEO1002;GEO1002;APAC;Q2 2020;Q2 2020;;;;;;;;;
CL49960;30/06/2020; 13 597 ;7;GEO1002;GEO1002;APAC;Q2 2020;Q2 2020;;;;;;;;;
CL49960;31/07/2020; 11 899 ;7;GEO1002;GEO1002;APAC;Q3 2020;Q3 2020;;;;;;;;;
CL49960;31/08/2020; 10 197 ;7;GEO1002;GEO1002;APAC;Q3 2020;Q3 2020;;;;;;;;;
CL49960;30/09/2020; 10 196 ;7;GEO1002;GEO1002;APAC;Q3 2020;Q3 2020;;;;;;;;;
CL49960;31/10/2020; 11 895 ;7;GEO1002;GEO1002;APAC;Q4 2020;Q4 2020;;;;;;;;;
CL49960;30/11/2020; 13 596 ;7;GEO1002;GEO1002;APAC;Q4 2020;Q4 2020;;;;;;;;;
CL49960;31/12/2020; 13 595 ;7;GEO1002;GEO1002;APAC;Q4 2020;Q4 2020;;;;;;;;;
CL49960;30/06/2021; 13 732 ;7;GEO1002;GEO1002;APAC;Q2 2021;Q2 2021;;;;;;;;;
CL49960;31/05/2021; 19 253 ;7;GEO1002;GEO1002;APAC;Q2 2021;Q2 2021;;;;;;;;;
CL49960;30/04/2021; 20 185 ;7;GEO1002;GEO1002;APAC;Q2 2021;Q2 2021;;;;;;;;;
CL49960;31/03/2021; 17 502 ;7;GEO1002;GEO1002;APAC;Q1 2021;Q1 2021;;;;;;;;;
CL49960;28/02/2021; 16 057 ;7;GEO1002;GEO1002;APAC;Q1 2021;Q1 2021;;;;;;;;;
CL49960;31/01/2021; 14 276 ;7;GEO1002;GEO1002;APAC;Q1 2021;Q1 2021;;;;;;;;;
CL50297;31/01/2020; 864 ;7;GEO1001;GEO1001;NAM;Q1 2020;Q1 2020;;;;;;;;;
CL50297;29/02/2020; 765 ;7;GEO1001;GEO1001;NAM;Q1 2020;Q1 2020;;;;;;;;;
CL50297;31/03/2020; 1 051 ;7;GEO1001;GEO1001;NAM;Q1 2020;Q1 2020;;;;;;;;;
CL50297;30/04/2020; 1 053 ;7;GEO1001;GEO1001;NAM;Q2 2020;Q2 2020;;;;;;;;;
CL50297;31/05/2020; 1 146 ;7;GEO1001;GEO1001;NAM;Q2 2020;Q2 2020;;;;;;;;;
CL50297;30/06/2020; 674 ;7;GEO1001;GEO1001;NAM;Q2 2020;Q2 2020;;;;;;;;;
CL50297;31/07/2020; 764 ;7;GEO1001;GEO1001;NAM;Q3 2020;Q3 2020;;;;;;;;;
CL50297;31/08/2020; 482 ;7;GEO1001;GEO1001;NAM;Q3 2020;Q3 2020;;;;;;;;;
CL50297;30/09/2020; 673 ;7;GEO1001;GEO1001;NAM;Q3 2020;Q3 2020;;;;;;;;;
CL50297;31/10/2020; 575 ;7;GEO1001;GEO1001;NAM;Q4 2020;Q4 2020;;;;;;;;;
CL50297;30/11/2020; 865 ;7;GEO1001;GEO1001;NAM;Q4 2020;Q4 2020;;;;;;;;;
CL50297;31/12/2020; 674 ;7;GEO1001;GEO1001;NAM;Q4 2020;Q4 2020;;;;;;;;;
CL50297;30/06/2021; 681 ;7;GEO1001;GEO1001;NAM;Q2 2021;Q2 2021;;;;;;;;;
CL50297;31/05/2021; 1 136 ;7;GEO1001;GEO1001;NAM;Q2 2021;Q2 2021;;;;;;;;;
CL50297;30/04/2021; 1 095 ;7;GEO1001;GEO1001;NAM;Q2 2021;Q2 2021;;;;;;;;;
CL50297;31/03/2021; 1 043 ;7;GEO1001;GEO1001;NAM;Q1 2021;Q1 2021;;;;;;;;;
CL50297;28/02/2021; 797 ;7;GEO1001;GEO1001;NAM;Q1 2021;Q1 2021;;;;;;;;;
CL50297;31/01/2021; 859 ;7;GEO1001;GEO1001;NAM;Q1 2021;Q1 2021;;;;;;;;;
CL50651;30/11/2020; 916 ;7;GEO1001;GEO1001;NAM;Q4 2020;Q4 2020;;;;;;;;;
CL50651;31/12/2020; 1 176 ;7;GEO1001;GEO1001;NAM;Q4 2020;Q4 2020;;;;;;;;;
CL50651;30/06/2021; 1 193 ;7;GEO1001;GEO1001;NAM;Q2 2021;Q2 2021;;;;;;;;;
CL50651;31/05/2021; 1 360 ;7;GEO1001;GEO1001;NAM;Q2 2021;Q2 2021;;;;;;;;;
CL50651;30/04/2021; 1 768 ;7;GEO1001;GEO1001;NAM;Q2 2021;Q2 2021;;;;;;;;;
CL50651;31/03/2021; 1 192 ;7;GEO1001;GEO1001;NAM;Q1 2021;Q1 2021;;;;;;;;;
CL50651;28/02/2021; 1 332 ;7;GEO1001;GEO1001;NAM;Q1 2021;Q1 2021;;;;;;;;;
CL50651;31/01/2021; 941 ;7;GEO1001;GEO1001;NAM;Q1 2021;Q1 2021;;;;;;;;;
CL52426;31/01/2020; 1 131 ;7;GEO1001;GEO1001;NAM;Q1 2020;Q1 2020;;;;;;;;;
CL52426;29/02/2020; 1 268 ;7;GEO1001;GEO1001;NAM;Q1 2020;Q1 2020;;;;;;;;;
CL52426;31/03/2020; 1 410 ;7;GEO1001;GEO1001;NAM;Q1 2020;Q1 2020;;;;;;;;;
CL52426;30/04/2020; 1 688 ;7;GEO1001;GEO1001;NAM;Q2 2020;Q2 2020;;;;;;;;;
CL52426;31/05/2020; 1 548 ;7;GEO1001;GEO1001;NAM;Q2 2020;Q2 2020;;;;;;;;;
CL52426;30/06/2020; 1 127 ;7;GEO1001;GEO1001;NAM;Q2 2020;Q2 2020;;;;;;;;;
CL52426;31/07/2020; 984 ;7;GEO1001;GEO1001;NAM;Q3 2020;Q3 2020;;;;;;;;;
CL52426;31/08/2020; 850 ;7;GEO1001;GEO1001;NAM;Q3 2020;Q3 2020;;;;;;;;;
CL52426;30/09/2020; 850 ;7;GEO1001;GEO1001;NAM;Q3 2020;Q3 2020;;;;;;;;;
CL52426;31/10/2020; 986 ;7;GEO1001;GEO1001;NAM;Q4 2020;Q4 2020;;;;;;;;;
CL52426;30/11/2020; 1 129 ;7;GEO1001;GEO1001;NAM;Q4 2020;Q4 2020;;;;;;;;;
CL52426;31/12/2020; 1 131 ;7;GEO1001;GEO1001;NAM;Q4 2020;Q4 2020;;;;;;;;;
CL52426;30/06/2021; 1 119 ;7;GEO1001;GEO1001;NAM;Q2 2021;Q2 2021;;;;;;;;;
CL52426;31/05/2021; 1 598 ;7;GEO1001;GEO1001;NAM;Q2 2021;Q2 2021;;;;;;;;;
CL52426;30/04/2021; 1 707 ;7;GEO1001;GEO1001;NAM;Q2 2021;Q2 2021;;;;;;;;;
CL52426;31/03/2021; 1 404 ;7;GEO1001;GEO1001;NAM;Q1 2021;Q1 2021;;;;;;;;;
CL52426;28/02/2021; 1 252 ;7;GEO1001;GEO1001;NAM;Q1 2021;Q1 2021;;;;;;;;;
CL52426;31/01/2021; 1 119 ;7;GEO1001;GEO1001;NAM;Q1 2021;Q1 2021;;;;;;;;;
CL55399;31/01/2020; 318 ;7;GEO1002;GEO1002;APAC;Q1 2020;Q1 2020;;;;;;;;;
CL55399;29/02/2020; 453 ;7;GEO1002;GEO1002;APAC;Q1 2020;Q1 2020;;;;;;;;;
CL55399;31/03/2020; 411 ;7;GEO1002;GEO1002;APAC;Q1 2020;Q1 2020;;;;;;;;;
CL55399;30/04/2020; 588 ;7;GEO1002;GEO1002;APAC;Q2 2020;Q2 2020;;;;;;;;;
CL55399;31/05/2020; 457 ;7;GEO1002;GEO1002;APAC;Q2 2020;Q2 2020;;;;;;;;;
CL55399;30/06/2020; 410 ;7;GEO1002;GEO1002;APAC;Q2 2020;Q2 2020;;;;;;;;;
CL55399;31/07/2020; 273 ;7;GEO1002;GEO1002;APAC;Q3 2020;Q3 2020;;;;;;;;;
CL55399;31/08/2020; 317 ;7;GEO1002;GEO1002;APAC;Q3 2020;Q3 2020;;;;;;;;;
CL55399;30/09/2020; 233 ;7;GEO1002;GEO1002;APAC;Q3 2020;Q3 2020;;;;;;;;;
CL55399;31/10/2020; 367 ;7;GEO1002;GEO1002;APAC;Q4 2020;Q4 2020;;;;;;;;;
CL55399;30/11/2020; 322 ;7;GEO1002;GEO1002;APAC;Q4 2020;Q4 2020;;;;;;;;;
CL55399;31/12/2020; 407 ;7;GEO1002;GEO1002;APAC;Q4 2020;Q4 2020;;;;;;;;;
CL55399;30/06/2021; 409 ;7;GEO1002;GEO1002;APAC;Q2 2021;Q2 2021;;;;;;;;;
CL55399;31/05/2021; 459 ;7;GEO1002;GEO1002;APAC;Q2 2021;Q2 2021;;;;;;;;;
CL55399;30/04/2021; 591 ;7;GEO1002;GEO1002;APAC;Q2 2021;Q2 2021;;;;;;;;;
CL55399;31/03/2021; 421 ;7;GEO1002;GEO1002;APAC;Q1 2021;Q1 2021;;;;;;;;;
CL55399;28/02/2021; 456 ;7;GEO1002;GEO1002;APAC;Q1 2021;Q1 2021;;;;;;;;;
CL55399;31/01/2021; 316 ;7;GEO1002;GEO1002;APAC;Q1 2021;Q1 2021;;;;;;;;;
CL57593;31/01/2020; 1 488 ;7;GEO1001;GEO1001;NAM;Q1 2020;Q1 2020;;;;;;;;;
CL57593;29/02/2020; 1 674 ;7;GEO1001;GEO1001;NAM;Q1 2020;Q1 2020;;;;;;;;;
CL57593;31/03/2020; 1 862 ;7;GEO1001;GEO1001;NAM;Q1 2020;Q1 2020;;;;;;;;;
CL57593;30/04/2020; 2 231 ;7;GEO1001;GEO1001;NAM;Q2 2020;Q2 2020;;;;;;;;;
CL57593;31/05/2020; 2 049 ;7;GEO1001;GEO1001;NAM;Q2 2020;Q2 2020;;;;;;;;;
CL57593;30/06/2020; 1 489 ;7;GEO1001;GEO1001;NAM;Q2 2020;Q2 2020;;;;;;;;;
CL57593;31/07/2020; 1 301 ;7;GEO1001;GEO1001;NAM;Q3 2020;Q3 2020;;;;;;;;;
CL57593;31/08/2020; 1 118 ;7;GEO1001;GEO1001;NAM;Q3 2020;Q3 2020;;;;;;;;;
CL57593;30/09/2020; 1 117 ;7;GEO1001;GEO1001;NAM;Q3 2020;Q3 2020;;;;;;;;;
CL57593;31/10/2020; 1 301 ;7;GEO1001;GEO1001;NAM;Q4 2020;Q4 2020;;;;;;;;;
CL57593;30/11/2020; 1 488 ;7;GEO1001;GEO1001;NAM;Q4 2020;Q4 2020;;;;;;;;;
CL57593;31/12/2020; 1 489 ;7;GEO1001;GEO1001;NAM;Q4 2020;Q4 2020;;;;;;;;;
CL57593;30/06/2021; 1 551 ;7;GEO1001;GEO1001;NAM;Q2 2021;Q2 2021;;;;;;;;;
CL57593;31/05/2021; 2 067 ;7;GEO1001;GEO1001;NAM;Q2 2021;Q2 2021;;;;;;;;;
CL57593;30/04/2021; 2 277 ;7;GEO1001;GEO1001;NAM;Q2 2021;Q2 2021;;;;;;;;;
CL57593;31/03/2021; 1 854 ;7;GEO1001;GEO1001;NAM;Q1 2021;Q1 2021;;;;;;;;;
CL57593;28/02/2021; 1 665 ;7;GEO1001;GEO1001;NAM;Q1 2021;Q1 2021;;;;;;;;;
CL57593;31/01/2021; 1 516 ;7;GEO1001;GEO1001;NAM;Q1 2021;Q1 2021;;;;;;;;;
CL60563;31/01/2020; 644 ;7;GEO1002;GEO1002;APAC;Q1 2020;Q1 2020;;;;;;;;;
CL60563;29/02/2020; 814 ;7;GEO1002;GEO1002;APAC;Q1 2020;Q1 2020;;;;;;;;;
CL60563;31/03/2020; 814 ;7;GEO1002;GEO1002;APAC;Q1 2020;Q1 2020;;;;;;;;;
CL60563;30/04/2020; 1 068 ;7;GEO1002;GEO1002;APAC;Q2 2020;Q2 2020;;;;;;;;;
CL60563;31/05/2020; 899 ;7;GEO1002;GEO1002;APAC;Q2 2020;Q2 2020;;;;;;;;;
CL60563;30/06/2020; 732 ;7;GEO1002;GEO1002;APAC;Q2 2020;Q2 2020;;;;;;;;;
CL60563;31/07/2020; 560 ;7;GEO1002;GEO1002;APAC;Q3 2020;Q3 2020;;;;;;;;;
CL60563;31/08/2020; 557 ;7;GEO1002;GEO1002;APAC;Q3 2020;Q3 2020;;;;;;;;;
CL60563;30/09/2020; 473 ;7;GEO1002;GEO1002;APAC;Q3 2020;Q3 2020;;;;;;;;;
CL60563;31/10/2020; 645 ;7;GEO1002;GEO1002;APAC;Q4 2020;Q4 2020;;;;;;;;;
CL60563;30/11/2020; 643 ;7;GEO1002;GEO1002;APAC;Q4 2020;Q4 2020;;;;;;;;;
CL60563;31/12/2020; 726 ;7;GEO1002;GEO1002;APAC;Q4 2020;Q4 2020;;;;;;;;;
CL60563;30/06/2021; 755 ;7;GEO1002;GEO1002;APAC;Q2 2021;Q2 2021;;;;;;;;;
CL60563;31/05/2021; 892 ;7;GEO1002;GEO1002;APAC;Q2 2021;Q2 2021;;;;;;;;;
CL60563;30/04/2021; 1 125 ;7;GEO1002;GEO1002;APAC;Q2 2021;Q2 2021;;;;;;;;;
CL60563;31/03/2021; 828 ;7;GEO1002;GEO1002;APAC;Q1 2021;Q1 2021;;;;;;;;;
CL60563;28/02/2021; 855 ;7;GEO1002;GEO1002;APAC;Q1 2021;Q1 2021;;;;;;;;;
CL60563;31/01/2021; 668 ;7;GEO1002;GEO1002;APAC;Q1 2021;Q1 2021;;;;;;;;;
CL61534;31/01/2020; 6 731 ;7;GEO1001;GEO1001;NAM;Q1 2020;Q1 2020;;;;;;;;;
CL61534;29/02/2020; 5 312 ;7;GEO1001;GEO1001;NAM;Q1 2020;Q1 2020;;;;;;;;;
CL61534;31/03/2020; 8 146 ;7;GEO1001;GEO1001;NAM;Q1 2020;Q1 2020;;;;;;;;;
CL61534;30/04/2020; 7 438 ;7;GEO1001;GEO1001;NAM;Q2 2020;Q2 2020;;;;;;;;;
CL61534;31/05/2020; 8 850 ;7;GEO1001;GEO1001;NAM;Q2 2020;Q2 2020;;;;;;;;;
CL61534;30/06/2020; 4 608 ;7;GEO1001;GEO1001;NAM;Q2 2020;Q2 2020;;;;;;;;;
CL61534;31/07/2020; 6 024 ;7;GEO1001;GEO1001;NAM;Q3 2020;Q3 2020;;;;;;;;;
CL61534;31/08/2020; 3 188 ;7;GEO1001;GEO1001;NAM;Q3 2020;Q3 2020;;;;;;;;;
CL61534;30/09/2020; 5 313 ;7;GEO1001;GEO1001;NAM;Q3 2020;Q3 2020;;;;;;;;;
CL61534;31/10/2020; 3 897 ;7;GEO1001;GEO1001;NAM;Q4 2020;Q4 2020;;;;;;;;;
CL61534;30/11/2020; 6 730 ;7;GEO1001;GEO1001;NAM;Q4 2020;Q4 2020;;;;;;;;;
CL61534;31/12/2020; 4 607 ;7;GEO1001;GEO1001;NAM;Q4 2020;Q4 2020;;;;;;;;;
CL61534;30/06/2021; 4 556 ;7;GEO1001;GEO1001;NAM;Q2 2021;Q2 2021;;;;;;;;;
CL61534;31/05/2021; 8 806 ;7;GEO1001;GEO1001;NAM;Q2 2021;Q2 2021;;;;;;;;;
CL61534;30/04/2021; 7 735 ;7;GEO1001;GEO1001;NAM;Q2 2021;Q2 2021;;;;;;;;;
CL61534;31/03/2021; 8 064 ;7;GEO1001;GEO1001;NAM;Q1 2021;Q1 2021;;;;;;;;;
CL61534;28/02/2021; 5 257 ;7;GEO1001;GEO1001;NAM;Q1 2021;Q1 2021;;;;;;;;;
CL61534;31/01/2021; 6 996 ;7;GEO1001;GEO1001;NAM;Q1 2021;Q1 2021;;;;;;;;;
CL64939;31/01/2020; 1 087 ;7;GEO1001;GEO1001;NAM;Q1 2020;Q1 2020;;;;;;;;;
CL64939;29/02/2020; 1 224 ;7;GEO1001;GEO1001;NAM;Q1 2020;Q1 2020;;;;;;;;;
CL64939;31/03/2020; 1 362 ;7;GEO1001;GEO1001;NAM;Q1 2020;Q1 2020;;;;;;;;;
CL64939;30/04/2020; 1 633 ;7;GEO1001;GEO1001;NAM;Q2 2020;Q2 2020;;;;;;;;;
CL64939;31/05/2020; 1 492 ;7;GEO1001;GEO1001;NAM;Q2 2020;Q2 2020;;;;;;;;;
CL64939;30/06/2020; 1 091 ;7;GEO1001;GEO1001;NAM;Q2 2020;Q2 2020;;;;;;;;;
CL64939;31/07/2020; 950 ;7;GEO1001;GEO1001;NAM;Q3 2020;Q3 2020;;;;;;;;;
CL64939;31/08/2020; 818 ;7;GEO1001;GEO1001;NAM;Q3 2020;Q3 2020;;;;;;;;;
CL64939;30/09/2020; 820 ;7;GEO1001;GEO1001;NAM;Q3 2020;Q3 2020;;;;;;;;;
CL64939;31/10/2020; 954 ;7;GEO1001;GEO1001;NAM;Q4 2020;Q4 2020;;;;;;;;;
CL64939;30/11/2020; 1 086 ;7;GEO1001;GEO1001;NAM;Q4 2020;Q4 2020;;;;;;;;;
CL64939;31/12/2020; 1 091 ;7;GEO1001;GEO1001;NAM;Q4 2020;Q4 2020;;;;;;;;;
CL64939;30/04/2021; 1 614 ;7;GEO1001;GEO1001;NAM;Q2 2021;Q2 2021;;;;;;;;;
CL64939;31/03/2021; 1 426 ;7;GEO1001;GEO1001;NAM;Q1 2021;Q1 2021;;;;;;;;;
CL64939;28/02/2021; 1 220 ;7;GEO1001;GEO1001;NAM;Q1 2021;Q1 2021;;;;;;;;;
CL64939;31/01/2021; 1 113 ;7;GEO1001;GEO1001;NAM;Q1 2021;Q1 2021;;;;;;;;;
CL67438;31/01/2020; 303 ;7;GEO1004;GEO1004;LATAM;Q1 2020;Q1 2020;;;;;;;;;
CL67438;29/02/2020; 304 ;7;GEO1004;GEO1004;LATAM;Q1 2020;Q1 2020;;;;;;;;;
CL67438;31/03/2020; 375 ;7;GEO1004;GEO1004;LATAM;Q1 2020;Q1 2020;;;;;;;;;
CL67438;30/04/2020; 407 ;7;GEO1004;GEO1004;LATAM;Q2 2020;Q2 2020;;;;;;;;;
CL67438;31/05/2020; 405 ;7;GEO1004;GEO1004;LATAM;Q2 2020;Q2 2020;;;;;;;;;
CL67438;30/06/2020; 267 ;7;GEO1004;GEO1004;LATAM;Q2 2020;Q2 2020;;;;;;;;;
CL67438;31/07/2020; 264 ;7;GEO1004;GEO1004;LATAM;Q3 2020;Q3 2020;;;;;;;;;
CL67438;31/08/2020; 195 ;7;GEO1004;GEO1004;LATAM;Q3 2020;Q3 2020;;;;;;;;;
CL67438;30/09/2020; 232 ;7;GEO1004;GEO1004;LATAM;Q3 2020;Q3 2020;;;;;;;;;
CL67438;31/10/2020; 233 ;7;GEO1004;GEO1004;LATAM;Q4 2020;Q4 2020;;;;;;;;;
CL67438;30/11/2020; 306 ;7;GEO1004;GEO1004;LATAM;Q4 2020;Q4 2020;;;;;;;;;
CL67438;31/12/2020; 267 ;7;GEO1004;GEO1004;LATAM;Q4 2020;Q4 2020;;;;;;;;;
CL67438;30/06/2021; 261 ;7;GEO1004;GEO1004;LATAM;Q2 2021;Q2 2021;;;;;;;;;
CL67438;31/05/2021; 405 ;7;GEO1004;GEO1004;LATAM;Q2 2021;Q2 2021;;;;;;;;;
CL67438;30/04/2021; 422 ;7;GEO1004;GEO1004;LATAM;Q2 2021;Q2 2021;;;;;;;;;
CL67438;31/03/2021; 390 ;7;GEO1004;GEO1004;LATAM;Q1 2021;Q1 2021;;;;;;;;;
CL67438;28/02/2021; 304 ;7;GEO1004;GEO1004;LATAM;Q1 2021;Q1 2021;;;;;;;;;
CL67438;31/01/2021; 302 ;7;GEO1004;GEO1004;LATAM;Q1 2021;Q1 2021;;;;;;;;;
CL69323;31/01/2020; 30 584 ;7;GEO1001;GEO1001;NAM;Q1 2020;Q1 2020;;;;;;;;;
CL69323;29/02/2020; 27 186 ;7;GEO1001;GEO1001;NAM;Q1 2020;Q1 2020;;;;;;;;;
CL69323;31/03/2020; 37 383 ;7;GEO1001;GEO1001;NAM;Q1 2020;Q1 2020;;;;;;;;;
CL69323;30/04/2020; 37 379 ;7;GEO1001;GEO1001;NAM;Q2 2020;Q2 2020;;;;;;;;;
CL69323;31/05/2020; 40 779 ;7;GEO1001;GEO1001;NAM;Q2 2020;Q2 2020;;;;;;;;;
CL69323;30/06/2020; 23 788 ;7;GEO1001;GEO1001;NAM;Q2 2020;Q2 2020;;;;;;;;;
CL69323;31/07/2020; 27 188 ;7;GEO1001;GEO1001;NAM;Q3 2020;Q3 2020;;;;;;;;;
CL69323;31/08/2020; 16 996 ;7;GEO1001;GEO1001;NAM;Q3 2020;Q3 2020;;;;;;;;;
CL69323;30/09/2020; 23 792 ;7;GEO1001;GEO1001;NAM;Q3 2020;Q3 2020;;;;;;;;;
CL69323;31/10/2020; 20 390 ;7;GEO1001;GEO1001;NAM;Q4 2020;Q4 2020;;;;;;;;;
CL69323;30/11/2020; 30 586 ;7;GEO1001;GEO1001;NAM;Q4 2020;Q4 2020;;;;;;;;;
CL69323;31/12/2020; 23 787 ;7;GEO1001;GEO1001;NAM;Q4 2020;Q4 2020;;;;;;;;;
CL69323;30/06/2021; 24 737 ;7;GEO1001;GEO1001;NAM;Q2 2021;Q2 2021;;;;;;;;;
CL69323;31/05/2021; 41 598 ;7;GEO1001;GEO1001;NAM;Q2 2021;Q2 2021;;;;;;;;;
CL69323;30/04/2021; 38 878 ;7;GEO1001;GEO1001;NAM;Q2 2021;Q2 2021;;;;;;;;;
CL69323;31/03/2021; 39 253 ;7;GEO1001;GEO1001;NAM;Q1 2021;Q1 2021;;;;;;;;;
CL69323;28/02/2021; 27 048 ;7;GEO1001;GEO1001;NAM;Q1 2021;Q1 2021;;;;;;;;;
CL69323;31/01/2021; 32 111 ;7;GEO1001;GEO1001;NAM;Q1 2021;Q1 2021;;;;;;;;;
CL71409;31/01/2020; 866 ;7;GEO1003;GEO1003;EMEA;Q1 2020;Q1 2020;;;;;;;;;
CL71409;29/02/2020; 1 101 ;7;GEO1003;GEO1003;EMEA;Q1 2020;Q1 2020;;;;;;;;;
CL71409;31/03/2020; 1 103 ;7;GEO1003;GEO1003;EMEA;Q1 2020;Q1 2020;;;;;;;;;
CL71409;30/04/2020; 1 447 ;7;GEO1003;GEO1003;EMEA;Q2 2020;Q2 2020;;;;;;;;;
CL71409;31/05/2020; 1 213 ;7;GEO1003;GEO1003;EMEA;Q2 2020;Q2 2020;;;;;;;;;
CL71409;30/06/2020; 988 ;7;GEO1003;GEO1003;EMEA;Q2 2020;Q2 2020;;;;;;;;;
CL71409;31/07/2020; 752 ;7;GEO1003;GEO1003;EMEA;Q3 2020;Q3 2020;;;;;;;;;
CL71409;31/08/2020; 756 ;7;GEO1003;GEO1003;EMEA;Q3 2020;Q3 2020;;;;;;;;;
CL71409;30/09/2020; 641 ;7;GEO1003;GEO1003;EMEA;Q3 2020;Q3 2020;;;;;;;;;
CL71409;31/10/2020; 867 ;7;GEO1003;GEO1003;EMEA;Q4 2020;Q4 2020;;;;;;;;;
CL71409;30/11/2020; 866 ;7;GEO1003;GEO1003;EMEA;Q4 2020;Q4 2020;;;;;;;;;
CL71409;31/12/2020; 986 ;7;GEO1003;GEO1003;EMEA;Q4 2020;Q4 2020;;;;;;;;;
CL71409;30/06/2021; 997 ;7;GEO1003;GEO1003;EMEA;Q2 2021;Q2 2021;;;;;;;;;
CL71409;31/05/2021; 1 206 ;7;GEO1003;GEO1003;EMEA;Q2 2021;Q2 2021;;;;;;;;;
CL71409;30/04/2021; 1 519 ;7;GEO1003;GEO1003;EMEA;Q2 2021;Q2 2021;;;;;;;;;
CL71409;31/03/2021; 1 096 ;7;GEO1003;GEO1003;EMEA;Q1 2021;Q1 2021;;;;;;;;;
CL71409;28/02/2021; 1 110 ;7;GEO1003;GEO1003;EMEA;Q1 2021;Q1 2021;;;;;;;;;
CL71409;31/01/2021; 880 ;7;GEO1003;GEO1003;EMEA;Q1 2021;Q1 2021;;;;;;;;;
CL75274;31/01/2020; 9 422 ;7;GEO1002;GEO1002;APAC;Q1 2020;Q1 2020;;;;;;;;;
CL75274;29/02/2020; 7 438 ;7;GEO1002;GEO1002;APAC;Q1 2020;Q1 2020;;;;;;;;;
CL75274;31/03/2020; 11 403 ;7;GEO1002;GEO1002;APAC;Q1 2020;Q1 2020;;;;;;;;;
CL75274;30/04/2020; 10 408 ;7;GEO1002;GEO1002;APAC;Q2 2020;Q2 2020;;;;;;;;;
CL75274;31/05/2020; 12 392 ;7;GEO1002;GEO1002;APAC;Q2 2020;Q2 2020;;;;;;;;;
CL75274;30/06/2020; 6 449 ;7;GEO1002;GEO1002;APAC;Q2 2020;Q2 2020;;;;;;;;;
CL75274;31/07/2020; 8 425 ;7;GEO1002;GEO1002;APAC;Q3 2020;Q3 2020;;;;;;;;;
CL75274;31/08/2020; 4 464 ;7;GEO1002;GEO1002;APAC;Q3 2020;Q3 2020;;;;;;;;;
CL75274;30/09/2020; 7 440 ;7;GEO1002;GEO1002;APAC;Q3 2020;Q3 2020;;;;;;;;;
CL75274;31/10/2020; 5 452 ;7;GEO1002;GEO1002;APAC;Q4 2020;Q4 2020;;;;;;;;;
CL75274;30/11/2020; 9 422 ;7;GEO1002;GEO1002;APAC;Q4 2020;Q4 2020;;;;;;;;;
CL75274;31/12/2020; 6 445 ;7;GEO1002;GEO1002;APAC;Q4 2020;Q4 2020;;;;;;;;;
CL75274;30/06/2021; 6 576 ;7;GEO1002;GEO1002;APAC;Q2 2021;Q2 2021;;;;;;;;;
CL75274;31/05/2021; 13 012 ;7;GEO1002;GEO1002;APAC;Q2 2021;Q2 2021;;;;;;;;;
CL75274;30/04/2021; 10 308 ;7;GEO1002;GEO1002;APAC;Q2 2021;Q2 2021;;;;;;;;;
CL75274;31/03/2021; 11 287 ;7;GEO1002;GEO1002;APAC;Q1 2021;Q1 2021;;;;;;;;;
CL75274;28/02/2021; 7 361 ;7;GEO1002;GEO1002;APAC;Q1 2021;Q1 2021;;;;;;;;;
CL75274;31/01/2021; 9 604 ;7;GEO1002;GEO1002;APAC;Q1 2021;Q1 2021;;;;;;;;;
CL75562;31/01/2020; 19 257 ;7;GEO1003;GEO1003;EMEA;Q1 2020;Q1 2020;;;;;;;;;
CL75562;29/02/2020; 19 258 ;7;GEO1003;GEO1003;EMEA;Q1 2020;Q1 2020;;;;;;;;;
CL75562;31/03/2020; 23 787 ;7;GEO1003;GEO1003;EMEA;Q1 2020;Q1 2020;;;;;;;;;
CL75562;30/04/2020; 26 053 ;7;GEO1003;GEO1003;EMEA;Q2 2020;Q2 2020;;;;;;;;;
CL75562;31/05/2020; 26 056 ;7;GEO1003;GEO1003;EMEA;Q2 2020;Q2 2020;;;;;;;;;
CL75562;30/06/2020; 16 993 ;7;GEO1003;GEO1003;EMEA;Q2 2020;Q2 2020;;;;;;;;;
CL75562;31/07/2020; 16 994 ;7;GEO1003;GEO1003;EMEA;Q3 2020;Q3 2020;;;;;;;;;
CL75562;31/08/2020; 12 464 ;7;GEO1003;GEO1003;EMEA;Q3 2020;Q3 2020;;;;;;;;;
CL75562;30/09/2020; 14 726 ;7;GEO1003;GEO1003;EMEA;Q3 2020;Q3 2020;;;;;;;;;
CL75562;31/10/2020; 14 726 ;7;GEO1003;GEO1003;EMEA;Q4 2020;Q4 2020;;;;;;;;;
CL75562;30/11/2020; 19 258 ;7;GEO1003;GEO1003;EMEA;Q4 2020;Q4 2020;;;;;;;;;
CL75562;31/12/2020; 16 992 ;7;GEO1003;GEO1003;EMEA;Q4 2020;Q4 2020;;;;;;;;;
CL75562;30/06/2021; 17 501 ;7;GEO1003;GEO1003;EMEA;Q2 2021;Q2 2021;;;;;;;;;
CL75562;31/05/2021; 26 834 ;7;GEO1003;GEO1003;EMEA;Q2 2021;Q2 2021;;;;;;;;;
CL75562;30/04/2021; 26 840 ;7;GEO1003;GEO1003;EMEA;Q2 2021;Q2 2021;;;;;;;;;
CL75562;31/03/2021; 23 553 ;7;GEO1003;GEO1003;EMEA;Q1 2021;Q1 2021;;;;;;;;;
CL75562;28/02/2021; 19 839 ;7;GEO1003;GEO1003;EMEA;Q1 2021;Q1 2021;;;;;;;;;
CL75562;31/01/2021; 20 221 ;7;GEO1003;GEO1003;EMEA;Q1 2021;Q1 2021;;;;;;;;;
CL79103;31/01/2020; 277 ;7;GEO1002;GEO1002;APAC;Q1 2020;Q1 2020;;;;;;;;;
CL79103;29/02/2020; 244 ;7;GEO1002;GEO1002;APAC;Q1 2020;Q1 2020;;;;;;;;;
CL79103;31/03/2020; 337 ;7;GEO1002;GEO1002;APAC;Q1 2020;Q1 2020;;;;;;;;;
CL79103;30/04/2020; 332 ;7;GEO1002;GEO1002;APAC;Q2 2020;Q2 2020;;;;;;;;;
CL79103;31/05/2020; 362 ;7;GEO1002;GEO1002;APAC;Q2 2020;Q2 2020;;;;;;;;;
CL79103;30/06/2020; 213 ;7;GEO1002;GEO1002;APAC;Q2 2020;Q2 2020;;;;;;;;;
CL79103;31/07/2020; 248 ;7;GEO1002;GEO1002;APAC;Q3 2020;Q3 2020;;;;;;;;;
CL79103;31/08/2020; 156 ;7;GEO1002;GEO1002;APAC;Q3 2020;Q3 2020;;;;;;;;;
CL79103;30/09/2020; 218 ;7;GEO1002;GEO1002;APAC;Q3 2020;Q3 2020;;;;;;;;;
CL79103;31/10/2020; 182 ;7;GEO1002;GEO1002;APAC;Q4 2020;Q4 2020;;;;;;;;;
CL79103;30/11/2020; 276 ;7;GEO1002;GEO1002;APAC;Q4 2020;Q4 2020;;;;;;;;;
CL79103;31/12/2020; 218 ;7;GEO1002;GEO1002;APAC;Q4 2020;Q4 2020;;;;;;;;;
CL79103;30/06/2021; 220 ;7;GEO1002;GEO1002;APAC;Q2 2021;Q2 2021;;;;;;;;;
CL79103;31/05/2021; 370 ;7;GEO1002;GEO1002;APAC;Q2 2021;Q2 2021;;;;;;;;;
CL79103;30/04/2021; 331 ;7;GEO1002;GEO1002;APAC;Q2 2021;Q2 2021;;;;;;;;;
CL79103;31/03/2021; 332 ;7;GEO1002;GEO1002;APAC;Q1 2021;Q1 2021;;;;;;;;;
CL79103;28/02/2021; 250 ;7;GEO1002;GEO1002;APAC;Q1 2021;Q1 2021;;;;;;;;;
CL79103;31/01/2021; 289 ;7;GEO1002;GEO1002;APAC;Q1 2021;Q1 2021;;;;;;;;;
CL79204;31/01/2020; 1 586 ;7;GEO1001;GEO1001;NAM;Q1 2020;Q1 2020;;;;;;;;;
CL79204;29/02/2020; 1 412 ;7;GEO1001;GEO1001;NAM;Q1 2020;Q1 2020;;;;;;;;;
CL79204;31/03/2020; 1 936 ;7;GEO1001;GEO1001;NAM;Q1 2020;Q1 2020;;;;;;;;;
CL79204;30/04/2020; 1 939 ;7;GEO1001;GEO1001;NAM;Q2 2020;Q2 2020;;;;;;;;;
CL79204;31/05/2020; 2 112 ;7;GEO1001;GEO1001;NAM;Q2 2020;Q2 2020;;;;;;;;;
CL79204;30/06/2020; 1 230 ;7;GEO1001;GEO1001;NAM;Q2 2020;Q2 2020;;;;;;;;;
CL79204;31/07/2020; 1 407 ;7;GEO1001;GEO1001;NAM;Q3 2020;Q3 2020;;;;;;;;;
CL79204;31/08/2020; 880 ;7;GEO1001;GEO1001;NAM;Q3 2020;Q3 2020;;;;;;;;;
CL79204;30/09/2020; 1 233 ;7;GEO1001;GEO1001;NAM;Q3 2020;Q3 2020;;;;;;;;;
CL79204;31/10/2020; 1 059 ;7;GEO1001;GEO1001;NAM;Q4 2020;Q4 2020;;;;;;;;;
CL79204;30/11/2020; 1 586 ;7;GEO1001;GEO1001;NAM;Q4 2020;Q4 2020;;;;;;;;;
CL79204;31/12/2020; 1 230 ;7;GEO1001;GEO1001;NAM;Q4 2020;Q4 2020;;;;;;;;;
CL79204;30/06/2021; 1 291 ;7;GEO1001;GEO1001;NAM;Q2 2021;Q2 2021;;;;;;;;;
CL79204;31/05/2021; 2 150 ;7;GEO1001;GEO1001;NAM;Q2 2021;Q2 2021;;;;;;;;;
CL79204;30/04/2021; 1 991 ;7;GEO1001;GEO1001;NAM;Q2 2021;Q2 2021;;;;;;;;;
CL79204;31/03/2021; 2 032 ;7;GEO1001;GEO1001;NAM;Q1 2021;Q1 2021;;;;;;;;;
CL79204;28/02/2021; 1 438 ;7;GEO1001;GEO1001;NAM;Q1 2021;Q1 2021;;;;;;;;;
CL79204;31/01/2021; 1 569 ;7;GEO1001;GEO1001;NAM;Q1 2021;Q1 2021;;;;;;;;;
CL81431;31/01/2020; 1 211 ;7;GEO1004;GEO1004;LATAM;Q1 2020;Q1 2020;;;;;;;;;
CL81431;29/02/2020; 1 358 ;7;GEO1004;GEO1004;LATAM;Q1 2020;Q1 2020;;;;;;;;;
CL81431;31/03/2020; 1 507 ;7;GEO1004;GEO1004;LATAM;Q1 2020;Q1 2020;;;;;;;;;
CL81431;30/04/2020; 1 812 ;7;GEO1004;GEO1004;LATAM;Q2 2020;Q2 2020;;;;;;;;;
CL81431;31/05/2020; 1 663 ;7;GEO1004;GEO1004;LATAM;Q2 2020;Q2 2020;;;;;;;;;
CL81431;30/06/2020; 1 205 ;7;GEO1004;GEO1004;LATAM;Q2 2020;Q2 2020;;;;;;;;;
CL81431;31/07/2020; 1 059 ;7;GEO1004;GEO1004;LATAM;Q3 2020;Q3 2020;;;;;;;;;
CL81431;31/08/2020; 910 ;7;GEO1004;GEO1004;LATAM;Q3 2020;Q3 2020;;;;;;;;;
CL81431;30/09/2020; 910 ;7;GEO1004;GEO1004;LATAM;Q3 2020;Q3 2020;;;;;;;;;
CL81431;31/10/2020; 1 060 ;7;GEO1004;GEO1004;LATAM;Q4 2020;Q4 2020;;;;;;;;;
CL81431;30/11/2020; 1 205 ;7;GEO1004;GEO1004;LATAM;Q4 2020;Q4 2020;;;;;;;;;
CL81431;31/12/2020; 1 211 ;7;GEO1004;GEO1004;LATAM;Q4 2020;Q4 2020;;;;;;;;;
CL81431;30/06/2021; 1 193 ;7;GEO1004;GEO1004;LATAM;Q2 2021;Q2 2021;;;;;;;;;
CL81431;31/05/2021; 1 694 ;7;GEO1004;GEO1004;LATAM;Q2 2021;Q2 2021;;;;;;;;;
CL81431;30/04/2021; 1 791 ;7;GEO1004;GEO1004;LATAM;Q2 2021;Q2 2021;;;;;;;;;
CL81431;31/03/2021; 1 568 ;7;GEO1004;GEO1004;LATAM;Q1 2021;Q1 2021;;;;;;;;;
CL81431;28/02/2021; 1 399 ;7;GEO1004;GEO1004;LATAM;Q1 2021;Q1 2021;;;;;;;;;
CL81431;31/01/2021; 1 255 ;7;GEO1004;GEO1004;LATAM;Q1 2021;Q1 2021;;;;;;;;;
CL82440;31/01/2020; 53 ;7;GEO1002;GEO1002;APAC;Q1 2020;Q1 2020;;;;;;;;;
CL82440;29/02/2020; 40 ;7;GEO1002;GEO1002;APAC;Q1 2020;Q1 2020;;;;;;;;;
CL82440;31/03/2020; 65 ;7;GEO1002;GEO1002;APAC;Q1 2020;Q1 2020;;;;;;;;;
CL82440;30/04/2020; 56 ;7;GEO1002;GEO1002;APAC;Q2 2020;Q2 2020;;;;;;;;;
CL82440;31/05/2020; 65 ;7;GEO1002;GEO1002;APAC;Q2 2020;Q2 2020;;;;;;;;;
CL82440;30/06/2020; 34 ;7;GEO1002;GEO1002;APAC;Q2 2020;Q2 2020;;;;;;;;;
CL82440;31/07/2020; 50 ;7;GEO1002;GEO1002;APAC;Q3 2020;Q3 2020;;;;;;;;;
CL82440;31/08/2020; 26 ;7;GEO1002;GEO1002;APAC;Q3 2020;Q3 2020;;;;;;;;;
CL82440;30/09/2020; 43 ;7;GEO1002;GEO1002;APAC;Q3 2020;Q3 2020;;;;;;;;;
CL82440;31/10/2020; 32 ;7;GEO1002;GEO1002;APAC;Q4 2020;Q4 2020;;;;;;;;;
CL82440;30/11/2020; 54 ;7;GEO1002;GEO1002;APAC;Q4 2020;Q4 2020;;;;;;;;;
CL82440;31/12/2020; 38 ;7;GEO1002;GEO1002;APAC;Q4 2020;Q4 2020;;;;;;;;;
CL82440;30/06/2021; 38 ;7;GEO1002;GEO1002;APAC;Q2 2021;Q2 2021;;;;;;;;;
CL82440;31/05/2021; 71 ;7;GEO1002;GEO1002;APAC;Q2 2021;Q2 2021;;;;;;;;;
CL82440;30/04/2021; 60 ;7;GEO1002;GEO1002;APAC;Q2 2021;Q2 2021;;;;;;;;;
CL82440;31/03/2021; 65 ;7;GEO1002;GEO1002;APAC;Q1 2021;Q1 2021;;;;;;;;;
CL82440;28/02/2021; 45 ;7;GEO1002;GEO1002;APAC;Q1 2021;Q1 2021;;;;;;;;;
CL82440;31/01/2021; 56 ;7;GEO1002;GEO1002;APAC;Q1 2021;Q1 2021;;;;;;;;;
CL83029;31/01/2020; 1 283 ;7;GEO1001;GEO1001;NAM;Q1 2020;Q1 2020;;;;;;;;;
CL83029;29/02/2020; 1 622 ;7;GEO1001;GEO1001;NAM;Q1 2020;Q1 2020;;;;;;;;;
CL83029;31/03/2020; 1 628 ;7;GEO1001;GEO1001;NAM;Q1 2020;Q1 2020;;;;;;;;;
CL83029;30/04/2020; 2 137 ;7;GEO1001;GEO1001;NAM;Q2 2020;Q2 2020;;;;;;;;;
CL83029;31/05/2020; 1 795 ;7;GEO1001;GEO1001;NAM;Q2 2020;Q2 2020;;;;;;;;;
CL83029;30/06/2020; 1 456 ;7;GEO1001;GEO1001;NAM;Q2 2020;Q2 2020;;;;;;;;;
CL83029;31/07/2020; 1 112 ;7;GEO1001;GEO1001;NAM;Q3 2020;Q3 2020;;;;;;;;;
CL83029;31/08/2020; 1 116 ;7;GEO1001;GEO1001;NAM;Q3 2020;Q3 2020;;;;;;;;;
CL83029;30/09/2020; 939 ;7;GEO1001;GEO1001;NAM;Q3 2020;Q3 2020;;;;;;;;;
CL83029;31/10/2020; 1 282 ;7;GEO1001;GEO1001;NAM;Q4 2020;Q4 2020;;;;;;;;;
CL83029;30/11/2020; 1 285 ;7;GEO1001;GEO1001;NAM;Q4 2020;Q4 2020;;;;;;;;;
CL83029;31/12/2020; 1 452 ;7;GEO1001;GEO1001;NAM;Q4 2020;Q4 2020;;;;;;;;;
CL83029;30/06/2021; 1 480 ;7;GEO1001;GEO1001;NAM;Q2 2021;Q2 2021;;;;;;;;;
CL83029;31/05/2021; 1 869 ;7;GEO1001;GEO1001;NAM;Q2 2021;Q2 2021;;;;;;;;;
CL83029;30/04/2021; 2 242 ;7;GEO1001;GEO1001;NAM;Q2 2021;Q2 2021;;;;;;;;;
CL83029;31/03/2021; 1 655 ;7;GEO1001;GEO1001;NAM;Q1 2021;Q1 2021;;;;;;;;;
CL83029;28/02/2021; 1 693 ;7;GEO1001;GEO1001;NAM;Q1 2021;Q1 2021;;;;;;;;;
CL83029;31/01/2021; 1 275 ;7;GEO1001;GEO1001;NAM;Q1 2021;Q1 2021;;;;;;;;;
CL83083;31/01/2020; 1 207 ;7;GEO1002;GEO1002;APAC;Q1 2020;Q1 2020;;;;;;;;;
CL83083;29/02/2020; 1 530 ;7;GEO1002;GEO1002;APAC;Q1 2020;Q1 2020;;;;;;;;;
CL83083;31/03/2020; 1 532 ;7;GEO1002;GEO1002;APAC;Q1 2020;Q1 2020;;;;;;;;;
CL83083;30/04/2020; 2 014 ;7;GEO1002;GEO1002;APAC;Q2 2020;Q2 2020;;;;;;;;;
CL83083;31/05/2020; 1 688 ;7;GEO1002;GEO1002;APAC;Q2 2020;Q2 2020;;;;;;;;;
CL83083;30/06/2020; 1 368 ;7;GEO1002;GEO1002;APAC;Q2 2020;Q2 2020;;;;;;;;;
CL83083;31/07/2020; 1 047 ;7;GEO1002;GEO1002;APAC;Q3 2020;Q3 2020;;;;;;;;;
CL83083;31/08/2020; 1 050 ;7;GEO1002;GEO1002;APAC;Q3 2020;Q3 2020;;;;;;;;;
CL83083;30/09/2020; 890 ;7;GEO1002;GEO1002;APAC;Q3 2020;Q3 2020;;;;;;;;;
CL83083;31/10/2020; 1 208 ;7;GEO1002;GEO1002;APAC;Q4 2020;Q4 2020;;;;;;;;;
CL83083;30/11/2020; 1 205 ;7;GEO1002;GEO1002;APAC;Q4 2020;Q4 2020;;;;;;;;;
CL83083;31/12/2020; 1 366 ;7;GEO1002;GEO1002;APAC;Q4 2020;Q4 2020;;;;;;;;;
CL83083;30/06/2021; 1 397 ;7;GEO1002;GEO1002;APAC;Q2 2021;Q2 2021;;;;;;;;;
CL83083;31/05/2021; 1 757 ;7;GEO1002;GEO1002;APAC;Q2 2021;Q2 2021;;;;;;;;;
CL83083;30/04/2021; 2 092 ;7;GEO1002;GEO1002;APAC;Q2 2021;Q2 2021;;;;;;;;;
CL83083;31/03/2021; 1 544 ;7;GEO1002;GEO1002;APAC;Q1 2021;Q1 2021;;;;;;;;;
CL83083;28/02/2021; 1 547 ;7;GEO1002;GEO1002;APAC;Q1 2021;Q1 2021;;;;;;;;;
CL83083;31/01/2021; 1 265 ;7;GEO1002;GEO1002;APAC;Q1 2021;Q1 2021;;;;;;;;;
CL85641;31/01/2020; 3 405 ;7;GEO1004;GEO1004;LATAM;Q1 2020;Q1 2020;;;;;;;;;
CL85641;29/02/2020; 3 827 ;7;GEO1004;GEO1004;LATAM;Q1 2020;Q1 2020;;;;;;;;;
CL85641;31/03/2020; 4 248 ;7;GEO1004;GEO1004;LATAM;Q1 2020;Q1 2020;;;;;;;;;
CL85641;30/04/2020; 5 101 ;7;GEO1004;GEO1004;LATAM;Q2 2020;Q2 2020;;;;;;;;;
CL85641;31/05/2020; 4 675 ;7;GEO1004;GEO1004;LATAM;Q2 2020;Q2 2020;;;;;;;;;
CL85641;30/06/2020; 3 400 ;7;GEO1004;GEO1004;LATAM;Q2 2020;Q2 2020;;;;;;;;;
CL85641;31/07/2020; 2 976 ;7;GEO1004;GEO1004;LATAM;Q3 2020;Q3 2020;;;;;;;;;
CL85641;31/08/2020; 2 552 ;7;GEO1004;GEO1004;LATAM;Q3 2020;Q3 2020;;;;;;;;;
CL85641;30/09/2020; 2 550 ;7;GEO1004;GEO1004;LATAM;Q3 2020;Q3 2020;;;;;;;;;
CL85641;31/10/2020; 2 975 ;7;GEO1004;GEO1004;LATAM;Q4 2020;Q4 2020;;;;;;;;;
CL85641;30/11/2020; 3 399 ;7;GEO1004;GEO1004;LATAM;Q4 2020;Q4 2020;;;;;;;;;
CL85641;31/12/2020; 3 404 ;7;GEO1004;GEO1004;LATAM;Q4 2020;Q4 2020;;;;;;;;;
CL85641;30/06/2021; 3 501 ;7;GEO1004;GEO1004;LATAM;Q2 2021;Q2 2021;;;;;;;;;
CL85641;31/05/2021; 4 768 ;7;GEO1004;GEO1004;LATAM;Q2 2021;Q2 2021;;;;;;;;;
CL85641;30/04/2021; 5 254 ;7;GEO1004;GEO1004;LATAM;Q2 2021;Q2 2021;;;;;;;;;
CL85641;31/03/2021; 4 212 ;7;GEO1004;GEO1004;LATAM;Q1 2021;Q1 2021;;;;;;;;;
CL85641;28/02/2021; 3 808 ;7;GEO1004;GEO1004;LATAM;Q1 2021;Q1 2021;;;;;;;;;
CL85641;31/01/2021; 3 575 ;7;GEO1004;GEO1004;LATAM;Q1 2021;Q1 2021;;;;;;;;;
CL87149;31/01/2020; 627 ;7;GEO1003;GEO1003;EMEA;Q1 2020;Q1 2020;;;;;;;;;
CL87149;29/02/2020; 495 ;7;GEO1003;GEO1003;EMEA;Q1 2020;Q1 2020;;;;;;;;;
CL87149;31/03/2020; 755 ;7;GEO1003;GEO1003;EMEA;Q1 2020;Q1 2020;;;;;;;;;
CL87149;30/04/2020; 689 ;7;GEO1003;GEO1003;EMEA;Q2 2020;Q2 2020;;;;;;;;;
CL87149;31/05/2020; 817 ;7;GEO1003;GEO1003;EMEA;Q2 2020;Q2 2020;;;;;;;;;
CL87149;30/06/2020; 426 ;7;GEO1003;GEO1003;EMEA;Q2 2020;Q2 2020;;;;;;;;;
CL87149;31/07/2020; 559 ;7;GEO1003;GEO1003;EMEA;Q3 2020;Q3 2020;;;;;;;;;
CL87149;31/08/2020; 300 ;7;GEO1003;GEO1003;EMEA;Q3 2020;Q3 2020;;;;;;;;;
CL87149;30/09/2020; 493 ;7;GEO1003;GEO1003;EMEA;Q3 2020;Q3 2020;;;;;;;;;
CL87149;31/10/2020; 364 ;7;GEO1003;GEO1003;EMEA;Q4 2020;Q4 2020;;;;;;;;;
CL87149;30/11/2020; 627 ;7;GEO1003;GEO1003;EMEA;Q4 2020;Q4 2020;;;;;;;;;
CL87149;31/12/2020; 429 ;7;GEO1003;GEO1003;EMEA;Q4 2020;Q4 2020;;;;;;;;;
CL87149;30/06/2021; 441 ;7;GEO1003;GEO1003;EMEA;Q2 2021;Q2 2021;;;;;;;;;
CL87149;31/05/2021; 813 ;7;GEO1003;GEO1003;EMEA;Q2 2021;Q2 2021;;;;;;;;;
CL87149;30/04/2021; 689 ;7;GEO1003;GEO1003;EMEA;Q2 2021;Q2 2021;;;;;;;;;
CL87149;31/03/2021; 769 ;7;GEO1003;GEO1003;EMEA;Q1 2021;Q1 2021;;;;;;;;;
CL87149;28/02/2021; 504 ;7;GEO1003;GEO1003;EMEA;Q1 2021;Q1 2021;;;;;;;;;
CL87149;31/01/2021; 618 ;7;GEO1003;GEO1003;EMEA;Q1 2021;Q1 2021;;;;;;;;;
CL87299;31/01/2020; 19 825 ;7;GEO1003;GEO1003;EMEA;Q1 2020;Q1 2020;;;;;;;;;
CL87299;29/02/2020; 28 323 ;7;GEO1003;GEO1003;EMEA;Q1 2020;Q1 2020;;;;;;;;;
CL87299;31/03/2020; 25 490 ;7;GEO1003;GEO1003;EMEA;Q1 2020;Q1 2020;;;;;;;;;
CL87299;30/04/2020; 36 816 ;7;GEO1003;GEO1003;EMEA;Q2 2020;Q2 2020;;;;;;;;;
CL87299;31/05/2020; 28 322 ;7;GEO1003;GEO1003;EMEA;Q2 2020;Q2 2020;;;;;;;;;
CL87299;30/06/2020; 25 486 ;7;GEO1003;GEO1003;EMEA;Q2 2020;Q2 2020;;;;;;;;;
CL87299;31/07/2020; 16 995 ;7;GEO1003;GEO1003;EMEA;Q3 2020;Q3 2020;;;;;;;;;
CL87299;31/08/2020; 19 826 ;7;GEO1003;GEO1003;EMEA;Q3 2020;Q3 2020;;;;;;;;;
CL87299;30/09/2020; 14 163 ;7;GEO1003;GEO1003;EMEA;Q3 2020;Q3 2020;;;;;;;;;
CL87299;31/10/2020; 22 655 ;7;GEO1003;GEO1003;EMEA;Q4 2020;Q4 2020;;;;;;;;;
CL87299;30/11/2020; 19 822 ;7;GEO1003;GEO1003;EMEA;Q4 2020;Q4 2020;;;;;;;;;
CL87299;31/12/2020; 25 485 ;7;GEO1003;GEO1003;EMEA;Q4 2020;Q4 2020;;;;;;;;;
CL87299;30/06/2021; 26 509 ;7;GEO1003;GEO1003;EMEA;Q2 2021;Q2 2021;;;;;;;;;
CL87299;31/05/2021; 28 176 ;7;GEO1003;GEO1003;EMEA;Q2 2021;Q2 2021;;;;;;;;;
CL87299;30/04/2021; 37 182 ;7;GEO1003;GEO1003;EMEA;Q2 2021;Q2 2021;;;;;;;;;
CL87299;31/03/2021; 25 741 ;7;GEO1003;GEO1003;EMEA;Q1 2021;Q1 2021;;;;;;;;;
CL87299;28/02/2021; 28 605 ;7;GEO1003;GEO1003;EMEA;Q1 2021;Q1 2021;;;;;;;;;
CL87299;31/01/2021; 20 218 ;7;GEO1003;GEO1003;EMEA;Q1 2021;Q1 2021;;;;;;;;;
CL90358;31/01/2020; 967 ;7;GEO1003;GEO1003;EMEA;Q1 2020;Q1 2020;;;;;;;;;
CL90358;29/02/2020; 1 088 ;7;GEO1003;GEO1003;EMEA;Q1 2020;Q1 2020;;;;;;;;;
CL90358;31/03/2020; 1 209 ;7;GEO1003;GEO1003;EMEA;Q1 2020;Q1 2020;;;;;;;;;
CL90358;30/04/2020; 1 449 ;7;GEO1003;GEO1003;EMEA;Q2 2020;Q2 2020;;;;;;;;;
CL90358;31/05/2020; 1 327 ;7;GEO1003;GEO1003;EMEA;Q2 2020;Q2 2020;;;;;;;;;
CL90358;30/06/2020; 964 ;7;GEO1003;GEO1003;EMEA;Q2 2020;Q2 2020;;;;;;;;;
CL90358;31/07/2020; 844 ;7;GEO1003;GEO1003;EMEA;Q3 2020;Q3 2020;;;;;;;;;
CL90358;31/08/2020; 728 ;7;GEO1003;GEO1003;EMEA;Q3 2020;Q3 2020;;;;;;;;;
CL90358;30/09/2020; 729 ;7;GEO1003;GEO1003;EMEA;Q3 2020;Q3 2020;;;;;;;;;
CL90358;31/10/2020; 849 ;7;GEO1003;GEO1003;EMEA;Q4 2020;Q4 2020;;;;;;;;;
CL90358;30/11/2020; 970 ;7;GEO1003;GEO1003;EMEA;Q4 2020;Q4 2020;;;;;;;;;
CL90358;31/12/2020; 965 ;7;GEO1003;GEO1003;EMEA;Q4 2020;Q4 2020;;;;;;;;;
CL90358;30/06/2021; 985 ;7;GEO1003;GEO1003;EMEA;Q2 2021;Q2 2021;;;;;;;;;
CL90358;31/05/2021; 1 318 ;7;GEO1003;GEO1003;EMEA;Q2 2021;Q2 2021;;;;;;;;;
CL90358;30/04/2021; 1 435 ;7;GEO1003;GEO1003;EMEA;Q2 2021;Q2 2021;;;;;;;;;
CL90358;31/03/2021; 1 221 ;7;GEO1003;GEO1003;EMEA;Q1 2021;Q1 2021;;;;;;;;;
CL90358;28/02/2021; 1 076 ;7;GEO1003;GEO1003;EMEA;Q1 2021;Q1 2021;;;;;;;;;
CL90358;31/01/2021; 998 ;7;GEO1003;GEO1003;EMEA;Q1 2021;Q1 2021;;;;;;;;;
CL92654;31/01/2020; 82 ;7;GEO1003;GEO1003;EMEA;Q1 2020;Q1 2020;;;;;;;;;
CL92654;29/02/2020; 101 ;7;GEO1003;GEO1003;EMEA;Q1 2020;Q1 2020;;;;;;;;;
CL92654;31/03/2020; 102 ;7;GEO1003;GEO1003;EMEA;Q1 2020;Q1 2020;;;;;;;;;
CL92654;30/04/2020; 126 ;7;GEO1003;GEO1003;EMEA;Q2 2020;Q2 2020;;;;;;;;;
CL92654;31/05/2020; 108 ;7;GEO1003;GEO1003;EMEA;Q2 2020;Q2 2020;;;;;;;;;
CL92654;30/06/2020; 88 ;7;GEO1003;GEO1003;EMEA;Q2 2020;Q2 2020;;;;;;;;;
CL92654;31/07/2020; 68 ;7;GEO1003;GEO1003;EMEA;Q3 2020;Q3 2020;;;;;;;;;
CL92654;31/08/2020; 70 ;7;GEO1003;GEO1003;EMEA;Q3 2020;Q3 2020;;;;;;;;;
CL92654;30/09/2020; 58 ;7;GEO1003;GEO1003;EMEA;Q3 2020;Q3 2020;;;;;;;;;
CL92654;31/10/2020; 76 ;7;GEO1003;GEO1003;EMEA;Q4 2020;Q4 2020;;;;;;;;;
CL92654;30/11/2020; 81 ;7;GEO1003;GEO1003;EMEA;Q4 2020;Q4 2020;;;;;;;;;
CL92654;31/12/2020; 88 ;7;GEO1003;GEO1003;EMEA;Q4 2020;Q4 2020;;;;;;;;;
CL92654;30/06/2021; 91 ;7;GEO1003;GEO1003;EMEA;Q2 2021;Q2 2021;;;;;;;;;
CL92654;31/05/2021; 109 ;7;GEO1003;GEO1003;EMEA;Q2 2021;Q2 2021;;;;;;;;;
CL92654;30/04/2021; 130 ;7;GEO1003;GEO1003;EMEA;Q2 2021;Q2 2021;;;;;;;;;
CL92654;31/03/2021; 105 ;7;GEO1003;GEO1003;EMEA;Q1 2021;Q1 2021;;;;;;;;;
CL92654;28/02/2021; 98 ;7;GEO1003;GEO1003;EMEA;Q1 2021;Q1 2021;;;;;;;;;
CL92654;31/01/2021; 77 ;7;GEO1003;GEO1003;EMEA;Q1 2021;Q1 2021;;;;;;;;;
CL94846;31/01/2020; 568 ;7;GEO1001;GEO1001;NAM;Q1 2020;Q1 2020;;;;;;;;;
CL94846;29/02/2020; 636 ;7;GEO1001;GEO1001;NAM;Q1 2020;Q1 2020;;;;;;;;;
CL94846;31/03/2020; 707 ;7;GEO1001;GEO1001;NAM;Q1 2020;Q1 2020;;;;;;;;;
CL94846;30/04/2020; 849 ;7;GEO1001;GEO1001;NAM;Q2 2020;Q2 2020;;;;;;;;;
CL94846;31/05/2020; 779 ;7;GEO1001;GEO1001;NAM;Q2 2020;Q2 2020;;;;;;;;;
CL94846;30/06/2020; 566 ;7;GEO1001;GEO1001;NAM;Q2 2020;Q2 2020;;;;;;;;;
CL94846;31/07/2020; 498 ;7;GEO1001;GEO1001;NAM;Q3 2020;Q3 2020;;;;;;;;;
CL94846;31/08/2020; 426 ;7;GEO1001;GEO1001;NAM;Q3 2020;Q3 2020;;;;;;;;;
CL94846;30/09/2020; 423 ;7;GEO1001;GEO1001;NAM;Q3 2020;Q3 2020;;;;;;;;;
CL94846;31/10/2020; 495 ;7;GEO1001;GEO1001;NAM;Q4 2020;Q4 2020;;;;;;;;;
CL94846;30/11/2020; 569 ;7;GEO1001;GEO1001;NAM;Q4 2020;Q4 2020;;;;;;;;;
CL94846;31/12/2020; 567 ;7;GEO1001;GEO1001;NAM;Q4 2020;Q4 2020;;;;;;;;;
CL94846;30/06/2021; 563 ;7;GEO1001;GEO1001;NAM;Q2 2021;Q2 2021;;;;;;;;;
CL94846;31/05/2021; 789 ;7;GEO1001;GEO1001;NAM;Q2 2021;Q2 2021;;;;;;;;;
CL94846;30/04/2021; 862 ;7;GEO1001;GEO1001;NAM;Q2 2021;Q2 2021;;;;;;;;;
CL94846;31/03/2021; 702 ;7;GEO1001;GEO1001;NAM;Q1 2021;Q1 2021;;;;;;;;;
CL94846;28/02/2021; 652 ;7;GEO1001;GEO1001;NAM;Q1 2021;Q1 2021;;;;;;;;;
CL94846;31/01/2021; 557 ;7;GEO1001;GEO1001;NAM;Q1 2021;Q1 2021;;;;;;;;;
CL95487;31/01/2020; 902 ;7;GEO1002;GEO1002;APAC;Q1 2020;Q1 2020;;;;;;;;;
CL95487;29/02/2020; 897 ;7;GEO1002;GEO1002;APAC;Q1 2020;Q1 2020;;;;;;;;;
CL95487;31/03/2020; 1 112 ;7;GEO1002;GEO1002;APAC;Q1 2020;Q1 2020;;;;;;;;;
CL95487;30/04/2020; 1 214 ;7;GEO1002;GEO1002;APAC;Q2 2020;Q2 2020;;;;;;;;;
CL95487;31/05/2020; 1 219 ;7;GEO1002;GEO1002;APAC;Q2 2020;Q2 2020;;;;;;;;;
CL95487;30/06/2020; 795 ;7;GEO1002;GEO1002;APAC;Q2 2020;Q2 2020;;;;;;;;;
CL95487;31/07/2020; 794 ;7;GEO1002;GEO1002;APAC;Q3 2020;Q3 2020;;;;;;;;;
CL95487;31/08/2020; 581 ;7;GEO1002;GEO1002;APAC;Q3 2020;Q3 2020;;;;;;;;;
CL95487;30/09/2020; 690 ;7;GEO1002;GEO1002;APAC;Q3 2020;Q3 2020;;;;;;;;;
CL95487;31/10/2020; 690 ;7;GEO1002;GEO1002;APAC;Q4 2020;Q4 2020;;;;;;;;;
CL95487;30/11/2020; 899 ;7;GEO1002;GEO1002;APAC;Q4 2020;Q4 2020;;;;;;;;;
CL95487;31/12/2020; 793 ;7;GEO1002;GEO1002;APAC;Q4 2020;Q4 2020;;;;;;;;;
CL95487;30/06/2021; 820 ;7;GEO1002;GEO1002;APAC;Q2 2021;Q2 2021;;;;;;;;;
CL95487;31/05/2021; 1 231 ;7;GEO1002;GEO1002;APAC;Q2 2021;Q2 2021;;;;;;;;;
CL95487;30/04/2021; 1 204 ;7;GEO1002;GEO1002;APAC;Q2 2021;Q2 2021;;;;;;;;;
CL95487;31/03/2021; 1 120 ;7;GEO1002;GEO1002;APAC;Q1 2021;Q1 2021;;;;;;;;;
CL95487;28/02/2021; 945 ;7;GEO1002;GEO1002;APAC;Q1 2021;Q1 2021;;;;;;;;;
CL95487;31/01/2021; 936 ;7;GEO1002;GEO1002;APAC;Q1 2021;Q1 2021;;;;;;;;;
CL96487;31/01/2020; 1 244 ;7;GEO1002;GEO1002;APAC;Q1 2020;Q1 2020;;;;;;;;;
CL96487;29/02/2020; 1 240 ;7;GEO1002;GEO1002;APAC;Q1 2020;Q1 2020;;;;;;;;;
CL96487;31/03/2020; 1 534 ;7;GEO1002;GEO1002;APAC;Q1 2020;Q1 2020;;;;;;;;;
CL96487;30/04/2020; 1 675 ;7;GEO1002;GEO1002;APAC;Q2 2020;Q2 2020;;;;;;;;;
CL96487;31/05/2020; 1 680 ;7;GEO1002;GEO1002;APAC;Q2 2020;Q2 2020;;;;;;;;;
CL96487;30/06/2020; 1 094 ;7;GEO1002;GEO1002;APAC;Q2 2020;Q2 2020;;;;;;;;;
CL96487;31/07/2020; 1 095 ;7;GEO1002;GEO1002;APAC;Q3 2020;Q3 2020;;;;;;;;;
CL96487;31/08/2020; 807 ;7;GEO1002;GEO1002;APAC;Q3 2020;Q3 2020;;;;;;;;;
CL96487;30/09/2020; 950 ;7;GEO1002;GEO1002;APAC;Q3 2020;Q3 2020;;;;;;;;;
CL96487;31/10/2020; 947 ;7;GEO1002;GEO1002;APAC;Q4 2020;Q4 2020;;;;;;;;;
CL96487;30/11/2020; 1 239 ;7;GEO1002;GEO1002;APAC;Q4 2020;Q4 2020;;;;;;;;;
CL96487;31/12/2020; 1 092 ;7;GEO1002;GEO1002;APAC;Q4 2020;Q4 2020;;;;;;;;;
CL96487;30/06/2021; 1 153 ;7;GEO1002;GEO1002;APAC;Q2 2021;Q2 2021;;;;;;;;;
CL96487;31/05/2021; 1 659 ;7;GEO1002;GEO1002;APAC;Q2 2021;Q2 2021;;;;;;;;;
CL96487;30/04/2021; 1 710 ;7;GEO1002;GEO1002;APAC;Q2 2021;Q2 2021;;;;;;;;;
CL96487;31/03/2021; 1 546 ;7;GEO1002;GEO1002;APAC;Q1 2021;Q1 2021;;;;;;;;;
CL96487;28/02/2021; 1 289 ;7;GEO1002;GEO1002;APAC;Q1 2021;Q1 2021;;;;;;;;;
CL96487;31/01/2021; 1 236 ;7;GEO1002;GEO1002;APAC;Q1 2021;Q1 2021;;;;;;;;;
CL96680;31/01/2020; 1 362 ;7;GEO1001;GEO1001;NAM;Q1 2020;Q1 2020;;;;;;;;;
CL96680;29/02/2020; 1 719 ;7;GEO1001;GEO1001;NAM;Q1 2020;Q1 2020;;;;;;;;;
CL96680;31/03/2020; 1 717 ;7;GEO1001;GEO1001;NAM;Q1 2020;Q1 2020;;;;;;;;;
CL96680;30/04/2020; 2 259 ;7;GEO1001;GEO1001;NAM;Q2 2020;Q2 2020;;;;;;;;;
CL96680;31/05/2020; 1 898 ;7;GEO1001;GEO1001;NAM;Q2 2020;Q2 2020;;;;;;;;;
CL96680;30/06/2020; 1 539 ;7;GEO1001;GEO1001;NAM;Q2 2020;Q2 2020;;;;;;;;;
CL96680;31/07/2020; 1 180 ;7;GEO1001;GEO1001;NAM;Q3 2020;Q3 2020;;;;;;;;;
CL96680;31/08/2020; 1 175 ;7;GEO1001;GEO1001;NAM;Q3 2020;Q3 2020;;;;;;;;;
CL96680;30/09/2020; 999 ;7;GEO1001;GEO1001;NAM;Q3 2020;Q3 2020;;;;;;;;;
CL96680;31/10/2020; 1 361 ;7;GEO1001;GEO1001;NAM;Q4 2020;Q4 2020;;;;;;;;;
CL96680;30/11/2020; 1 358 ;7;GEO1001;GEO1001;NAM;Q4 2020;Q4 2020;;;;;;;;;
CL96680;31/12/2020; 1 542 ;7;GEO1001;GEO1001;NAM;Q4 2020;Q4 2020;;;;;;;;;
CL96680;30/06/2021; 1 553 ;7;GEO1001;GEO1001;NAM;Q2 2021;Q2 2021;;;;;;;;;
CL96680;31/05/2021; 1 998 ;7;GEO1001;GEO1001;NAM;Q2 2021;Q2 2021;;;;;;;;;
CL96680;30/04/2021; 2 309 ;7;GEO1001;GEO1001;NAM;Q2 2021;Q2 2021;;;;;;;;;
CL96680;31/03/2021; 1 701 ;7;GEO1001;GEO1001;NAM;Q1 2021;Q1 2021;;;;;;;;;
CL96680;28/02/2021; 1 790 ;7;GEO1001;GEO1001;NAM;Q1 2021;Q1 2021;;;;;;;;;
CL96680;31/01/2021; 1 353 ;7;GEO1001;GEO1001;NAM;Q1 2021;Q1 2021;;;;;;;;;
CL97995;31/01/2020; 28 034 ;7;GEO1001;GEO1001;NAM;Q1 2020;Q1 2020;;;;;;;;;
CL97995;29/02/2020; 24 922 ;7;GEO1001;GEO1001;NAM;Q1 2020;Q1 2020;;;;;;;;;
CL97995;31/03/2020; 34 268 ;7;GEO1001;GEO1001;NAM;Q1 2020;Q1 2020;;;;;;;;;
CL97995;30/04/2020; 34 268 ;7;GEO1001;GEO1001;NAM;Q2 2020;Q2 2020;;;;;;;;;
CL97995;31/05/2020; 37 380 ;7;GEO1001;GEO1001;NAM;Q2 2020;Q2 2020;;;;;;;;;
CL97995;30/06/2020; 21 809 ;7;GEO1001;GEO1001;NAM;Q2 2020;Q2 2020;;;;;;;;;
CL97995;31/07/2020; 24 920 ;7;GEO1001;GEO1001;NAM;Q3 2020;Q3 2020;;;;;;;;;
CL97995;31/08/2020; 15 576 ;7;GEO1001;GEO1001;NAM;Q3 2020;Q3 2020;;;;;;;;;
CL97995;30/09/2020; 21 809 ;7;GEO1001;GEO1001;NAM;Q3 2020;Q3 2020;;;;;;;;;
CL97995;31/10/2020; 18 694 ;7;GEO1001;GEO1001;NAM;Q4 2020;Q4 2020;;;;;;;;;
CL97995;30/11/2020; 28 037 ;7;GEO1001;GEO1001;NAM;Q4 2020;Q4 2020;;;;;;;;;
CL97995;31/12/2020; 21 809 ;7;GEO1001;GEO1001;NAM;Q4 2020;Q4 2020;;;;;;;;;
CL97995;30/06/2021; 22 463 ;7;GEO1001;GEO1001;NAM;Q2 2021;Q2 2021;;;;;;;;;
CL97995;31/05/2021; 38 501 ;7;GEO1001;GEO1001;NAM;Q2 2021;Q2 2021;;;;;;;;;
CL97995;30/04/2021; 33 923 ;7;GEO1001;GEO1001;NAM;Q2 2021;Q2 2021;;;;;;;;;
CL97995;31/03/2021; 35 291 ;7;GEO1001;GEO1001;NAM;Q1 2021;Q1 2021;;;;;;;;;
CL97995;28/02/2021; 24 798 ;7;GEO1001;GEO1001;NAM;Q1 2021;Q1 2021;;;;;;;;;
CL97995;31/01/2021; 29 157 ;7;GEO1001;GEO1001;NAM;Q1 2021;Q1 2021;;;;;;;;;
CL99496;31/01/2020; 142 ;7;GEO1002;GEO1002;APAC;Q1 2020;Q1 2020;;;;;;;;;
CL99496;29/02/2020; 125 ;7;GEO1002;GEO1002;APAC;Q1 2020;Q1 2020;;;;;;;;;
CL99496;31/03/2020; 171 ;7;GEO1002;GEO1002;APAC;Q1 2020;Q1 2020;;;;;;;;;
CL99496;30/04/2020; 168 ;7;GEO1002;GEO1002;APAC;Q2 2020;Q2 2020;;;;;;;;;
CL99496;31/05/2020; 183 ;7;GEO1002;GEO1002;APAC;Q2 2020;Q2 2020;;;;;;;;;
CL99496;30/06/2020; 109 ;7;GEO1002;GEO1002;APAC;Q2 2020;Q2 2020;;;;;;;;;
CL99496;31/07/2020; 125 ;7;GEO1002;GEO1002;APAC;Q3 2020;Q3 2020;;;;;;;;;
CL99496;31/08/2020; 80 ;7;GEO1002;GEO1002;APAC;Q3 2020;Q3 2020;;;;;;;;;
CL99496;30/09/2020; 111 ;7;GEO1002;GEO1002;APAC;Q3 2020;Q3 2020;;;;;;;;;
CL99496;31/10/2020; 96 ;7;GEO1002;GEO1002;APAC;Q4 2020;Q4 2020;;;;;;;;;
CL99496;30/11/2020; 136 ;7;GEO1002;GEO1002;APAC;Q4 2020;Q4 2020;;;;;;;;;
CL99496;31/12/2020; 107 ;7;GEO1002;GEO1002;APAC;Q4 2020;Q4 2020;;;;;;;;;
CL99496;28/02/2021; 126 ;7;GEO1002;GEO1002;APAC;Q1 2021;Q1 2021;;;;;;;;;
CL99496;31/01/2021; 140 ;7;GEO1002;GEO1002;APAC;Q1 2021;Q1 2021;;;;;;;;;
CL99768;31/01/2020; 220 ;7;GEO1002;GEO1002;APAC;Q1 2020;Q1 2020;;;;;;;;;
CL99768;29/02/2020; 219 ;7;GEO1002;GEO1002;APAC;Q1 2020;Q1 2020;;;;;;;;;
CL99768;31/03/2020; 266 ;7;GEO1002;GEO1002;APAC;Q1 2020;Q1 2020;;;;;;;;;
CL99768;30/04/2020; 294 ;7;GEO1002;GEO1002;APAC;Q2 2020;Q2 2020;;;;;;;;;
CL99768;31/05/2020; 295 ;7;GEO1002;GEO1002;APAC;Q2 2020;Q2 2020;;;;;;;;;
CL99768;30/06/2020; 193 ;7;GEO1002;GEO1002;APAC;Q2 2020;Q2 2020;;;;;;;;;
CL99768;31/07/2020; 190 ;7;GEO1002;GEO1002;APAC;Q3 2020;Q3 2020;;;;;;;;;
CL99768;31/08/2020; 143 ;7;GEO1002;GEO1002;APAC;Q3 2020;Q3 2020;;;;;;;;;
CL99768;30/09/2020; 170 ;7;GEO1002;GEO1002;APAC;Q3 2020;Q3 2020;;;;;;;;;
CL99768;31/10/2020; 170 ;7;GEO1002;GEO1002;APAC;Q4 2020;Q4 2020;;;;;;;;;
CL99768;30/11/2020; 214 ;7;GEO1002;GEO1002;APAC;Q4 2020;Q4 2020;;;;;;;;;
CL99768;31/12/2020; 194 ;7;GEO1002;GEO1002;APAC;Q4 2020;Q4 2020;;;;;;;;;
CL99768;30/06/2021; 195 ;7;GEO1002;GEO1002;APAC;Q2 2021;Q2 2021;;;;;;;;;
CL99768;31/05/2021; 290 ;7;GEO1002;GEO1002;APAC;Q2 2021;Q2 2021;;;;;;;;;
CL99768;30/04/2021; 294 ;7;GEO1002;GEO1002;APAC;Q2 2021;Q2 2021;;;;;;;;;
CL99768;31/03/2021; 270 ;7;GEO1002;GEO1002;APAC;Q1 2021;Q1 2021;;;;;;;;;
CL99768;28/02/2021; 224 ;7;GEO1002;GEO1002;APAC;Q1 2021;Q1 2021;;;;;;;;;
CL99768;31/01/2021; 222 ;7;GEO1002;GEO1002;APAC;Q1 2021;Q1 2021;;;;;;;;;